id_anggota,usia,jenis_kelamin,status_perkawinan,pendidikan,pekerjaan,penghasilan_bulanan,lama_keanggotaan,jumlah_pinjaman,tenor_pinjaman,suku_bunga,jumlah_tanggungan,riwayat_pinjaman,keterlambatan_bayar,rasio_hutang,simpanan_wajib,simpanan_sukarela,status_pinjaman,kota,simpanan_pokok,jenis_anggota,partisipasi_rat,transaksi_koperasi,sistem_potong_gaji,status_keaktifan
1,37,P,Belum Menikah,SMA,UMKM,3466000,13,20746000,60,13,0,2,0,0.145,650000,193000,0,Yogyakarta,100000,Biasa,Ya,1885000,Tidak,Aktif
2,43,L,Menikah,S1,Guru,5847000,67,15343000,12,11,2,0,0,0.321,6700000,1039000,0,Medan,100000,Biasa,Ya,7454000,Tidak,Aktif
3,32,P,Menikah,S1,Karyawan Swasta,9237000,80,72522000,48,12,4,3,2,0.247,16000000,2604000,1,Jakarta,100000,Biasa,Tidak,4705000,Ya,Aktif
4,50,L,Menikah,SMA,Karyawan Swasta,5737000,13,22308000,48,14,0,0,0,0.145,650000,264000,0,Medan,100000,Biasa,Tidak,2109000,Ya,Pasif
5,31,L,Menikah,SMA,Buruh,2958000,50,19805000,36,13,1,2,0,0.242,2500000,369000,1,Yogyakarta,100000,Biasa,Tidak,596000,Tidak,Pasif
6,32,P,Menikah,SMA,PNS,4662000,36,21530000,36,12,2,0,0,0.279,3600000,687000,0,Semarang,100000,Biasa,Ya,7859000,Ya,Aktif
7,23,P,Belum Menikah,S1,Perawat,4848000,12,29388000,60,14,0,0,0,0.174,1800000,180000,0,Semarang,100000,Biasa,Tidak,2596000,Ya,Aktif
8,28,P,Belum Menikah,D3,Buruh,2745000,33,7657000,12,12,0,1,1,0.286,1650000,1056000,0,Medan,100000,Biasa,Ya,1579000,Tidak,Aktif
9,32,L,Belum Menikah,S1,Karyawan Swasta,7039000,59,60262000,36,13,0,0,0,0.301,8850000,647000,0,Medan,100000,Biasa,Tidak,1178000,Ya,Pasif
10,40,P,Menikah,S2,Perawat,5290000,24,36317000,48,12,3,0,0,0.232,2400000,365000,0,Palembang,100000,Biasa,Ya,645000,Ya,Pasif
11,35,P,Menikah,SMA,Petani,2529000,45,7215000,12,11,1,1,0,0.304,2250000,247000,1,Semarang,100000,Biasa,Ya,623000,Tidak,Aktif
12,31,P,Belum Menikah,SMA,Petani,4049000,13,16144000,36,12,1,2,0,0.169,1300000,273000,1,Jakarta,100000,Biasa,Tidak,1058000,Tidak,Aktif
13,45,L,Menikah,S2,Karyawan Swasta,10808000,55,55215000,24,11,1,3,2,0.281,11000000,1098000,1,Makassar,100000,Biasa,Ya,5478000,Ya,Aktif
14,31,P,Belum Menikah,SMA,Wiraswasta,4511000,46,10367000,24,12,0,1,1,0.121,4600000,1128000,1,Semarang,100000,Biasa,Ya,2034000,Tidak,Aktif
15,33,P,Menikah,S1,Karyawan Swasta,7607000,49,20406000,12,11,0,1,1,0.247,4900000,558000,0,Surabaya,100000,Biasa,Ya,2631000,Ya,Pasif
16,29,L,Menikah,D3,Petani,2807000,23,20718000,48,13,0,0,0,0.227,1150000,427000,0,Bandung,100000,Biasa,Tidak,651000,Tidak,Pasif
17,35,P,Belum Menikah,S1,Guru,6107000,54,16646000,24,12,1,1,0,0.154,10800000,366000,0,Semarang,100000,Biasa,Tidak,2282000,Ya,Aktif
18,38,L,Belum Menikah,SMA,Wiraswasta,6628000,76,56250000,60,13,0,2,1,0.212,15200000,371000,0,Surabaya,100000,Biasa,Tidak,1370000,Tidak,Pasif
19,31,L,Belum Menikah,S1,Karyawan Swasta,9223000,31,32899000,24,12,0,0,0,0.19,6200000,458000,0,Surabaya,100000,Biasa,Ya,2944000,Ya,Pasif
20,44,P,Menikah,S2,PNS,8787000,45,55102000,36,12,3,3,1,0.243,6750000,724000,0,Palembang,100000,Biasa,Tidak,3845000,Ya,Pasif
21,28,L,Menikah,D3,Nelayan,3174000,25,5045000,12,11,1,0,0,0.198,1250000,195000,0,Bandung,100000,Biasa,Tidak,1951000,Tidak,Pasif
22,51,P,Menikah,SMA,Karyawan Swasta,6734000,74,15032000,24,12,4,2,1,0.183,11100000,1989000,0,Semarang,100000,Biasa,Ya,7011000,Ya,Aktif
23,39,P,Belum Menikah,SMA,Wiraswasta,6904000,34,35676000,24,12,1,1,0,0.29,5100000,1412000,1,Jakarta,100000,Biasa,Ya,3016000,Tidak,Aktif
24,52,P,Menikah,D3,Karyawan Swasta,7976000,70,54632000,24,12,2,1,0,0.384,10500000,1079000,0,Makassar,100000,Biasa,Tidak,747000,Ya,Pasif
25,57,P,Menikah,SMA,Guru,5052000,52,10234000,12,10,2,0,0,0.253,5200000,718000,0,Jakarta,100000,Biasa,Ya,4910000,Ya,Aktif
26,40,P,Menikah,SMA,Wiraswasta,5549000,89,28328000,24,12,1,1,1,0.255,13350000,772000,0,Medan,100000,Biasa,Ya,5637000,Tidak,Aktif
27,36,P,Belum Menikah,D3,Wiraswasta,6528000,40,23353000,24,12,0,1,0,0.189,6000000,808000,0,Surabaya,100000,Biasa,Ya,4910000,Tidak,Aktif
28,28,P,Belum Menikah,SMA,UMKM,3382000,51,7101000,24,12,0,2,1,0.126,2550000,242000,0,Semarang,100000,Biasa,Ya,603000,Tidak,Pasif
29,40,L,Menikah,SMA,Petani,2566000,18,7344000,24,12,3,1,0,0.29,900000,282000,0,Makassar,100000,Biasa,Tidak,719000,Tidak,Aktif
30,28,P,Menikah,SMA,UMKM,2895000,54,10135000,36,13,1,0,0,0.136,2700000,899000,0,Palembang,100000,Biasa,Ya,1773000,Tidak,Aktif
31,33,P,Menikah,SMA,PNS,4294000,25,31129000,36,13,4,0,0,0.296,1250000,538000,1,Semarang,100000,Biasa,Ya,1214000,Ya,Aktif
32,56,P,Menikah,SMA,Karyawan Swasta,6139000,36,67529000,60,13,1,1,0,0.262,5400000,746000,0,Palembang,100000,Biasa,Ya,7963000,Ya,Aktif
33,39,L,Menikah,S1,Guru,6838000,85,19437000,24,12,1,1,0,0.168,17000000,1092000,0,Semarang,100000,Biasa,Ya,7648000,Ya,Aktif
34,54,P,Menikah,S1,PNS,11860000,45,54488000,36,12,2,2,0,0.245,6750000,1280000,0,Palembang,100000,Biasa,Ya,14641000,Tidak,Aktif
35,42,L,Menikah,D3,UMKM,4428000,44,20843000,24,12,2,0,0,0.229,4400000,337000,0,Yogyakarta,100000,Biasa,Tidak,1799000,Tidak,Pasif
36,37,P,Menikah,S1,Karyawan Swasta,6942000,101,31450000,36,14,2,2,1,0.175,15150000,1736000,0,Yogyakarta,100000,Biasa,Ya,4297000,Tidak,Aktif
37,47,L,Belum Menikah,SMA,Wiraswasta,8353000,160,35292000,36,11,0,3,0,0.177,24000000,2089000,0,Surabaya,100000,Biasa,Ya,6737000,Ya,Aktif
38,31,P,Belum Menikah,SMA,Wiraswasta,5714000,58,40580000,36,12,0,2,1,0.321,5800000,919000,1,Surabaya,100000,Biasa,Ya,12313000,Tidak,Aktif
39,37,L,Menikah,SMA,Wiraswasta,6890000,17,17454000,24,12,4,0,0,0.284,2550000,527000,1,Semarang,100000,Biasa,Ya,466000,Tidak,Aktif
40,38,P,Menikah,D3,Buruh,2738000,85,14422000,24,13,0,3,0,0.267,4250000,830000,0,Bandung,100000,Biasa,Ya,3476000,Tidak,Aktif
41,33,L,Menikah,S1,Pedagang,6704000,50,59079000,36,13,4,3,1,0.311,5000000,1621000,1,Yogyakarta,100000,Biasa,Ya,17824000,Tidak,Aktif
42,28,L,Belum Menikah,SMA,Guru,4210000,53,11213000,24,12,0,1,0,0.142,5300000,137000,1,Yogyakarta,100000,Biasa,Tidak,3124000,Ya,Pasif
43,42,P,Menikah,D3,PNS,4820000,34,26125000,36,12,3,0,0,0.215,3400000,491000,0,Yogyakarta,100000,Biasa,Ya,7089000,Ya,Aktif
44,31,L,Menikah,S1,Wiraswasta,9587000,54,34057000,24,12,2,0,0,0.244,10800000,1730000,0,Bandung,100000,Biasa,Ya,1125000,Tidak,Aktif
45,34,P,Menikah,S1,Guru,9089000,18,59129000,24,11,0,2,1,0.319,3600000,436000,0,Bandung,100000,Biasa,Ya,749000,Ya,Aktif
46,33,P,Menikah,S2,Pedagang,7232000,13,26580000,24,13,1,0,0,0.187,1950000,450000,0,Surabaya,100000,Biasa,Ya,4083000,Tidak,Aktif
47,39,L,Belum Menikah,S1,Wiraswasta,13152000,43,84015000,36,13,1,1,0,0.252,8600000,1049000,0,Bandung,100000,Biasa,Ya,1351000,Tidak,Pasif
48,38,P,Belum Menikah,SMA,Nelayan,2889000,25,11151000,24,13,1,1,0,0.232,1250000,469000,0,Palembang,100000,Biasa,Ya,1473000,Tidak,Aktif
49,27,P,Belum Menikah,SMA,UMKM,3109000,39,18447000,24,12,0,0,0,0.343,1950000,346000,1,Makassar,100000,Biasa,Ya,1323000,Tidak,Aktif
50,41,L,Menikah,SMA,Nelayan,3813000,87,24067000,36,14,3,2,2,0.252,8700000,970000,1,Jakarta,100000,Biasa,Ya,2188000,Tidak,Aktif
51,35,L,Belum Menikah,SMA,UMKM,3992000,37,19138000,24,11,0,0,0,0.244,3700000,593000,1,Semarang,100000,Biasa,Tidak,5405000,Tidak,Aktif
52,45,P,Menikah,SMA,Petani,3210000,41,10394000,24,12,2,1,0,0.188,2050000,318000,0,Surabaya,100000,Biasa,Tidak,2278000,Tidak,Aktif
53,31,P,Belum Menikah,SMA,Pedagang,3921000,33,22395000,36,11,0,0,0,0.211,3300000,100000,1,Jakarta,100000,Biasa,Tidak,1126000,Tidak,Pasif
54,24,L,Belum Menikah,SMA,Wiraswasta,3707000,17,13855000,24,11,0,0,0,0.191,850000,247000,1,Bandung,100000,Biasa,Tidak,322000,Tidak,Pasif
55,32,L,Belum Menikah,D3,Petani,3462000,78,38082000,60,14,0,0,0,0.271,3900000,1886000,0,Bandung,100000,Biasa,Ya,1314000,Tidak,Aktif
56,36,L,Menikah,SMA,Nelayan,2773000,115,6252000,12,11,3,0,0,0.224,5750000,920000,0,Surabaya,100000,Biasa,Tidak,2238000,Tidak,Aktif
57,43,P,Menikah,S1,Pedagang,9572000,31,77772000,48,13,1,1,0,0.3,6200000,1504000,0,Surabaya,100000,Biasa,Tidak,1727000,Tidak,Aktif
58,52,P,Belum Menikah,D3,Nelayan,3424000,28,19145000,24,12,0,2,0,0.279,1400000,735000,1,Surabaya,100000,Biasa,Ya,3438000,Tidak,Aktif
59,45,P,Menikah,D3,Wiraswasta,7853000,99,16990000,12,11,0,0,0,0.21,14850000,496000,0,Semarang,100000,Biasa,Ya,8828000,Tidak,Aktif
60,44,L,Menikah,SMA,UMKM,4760000,32,51250000,48,13,4,0,0,0.351,4800000,768000,1,Jakarta,100000,Biasa,Ya,2908000,Tidak,Pasif
61,37,P,Belum Menikah,S1,Karyawan Swasta,7193000,72,20185000,36,13,1,0,0,0.15,10800000,977000,0,Surabaya,100000,Biasa,Ya,8531000,Ya,Aktif
62,35,P,Belum Menikah,D3,Petani,3296000,93,14489000,24,12,0,2,0,0.225,4650000,1475000,0,Semarang,100000,Biasa,Ya,1087000,Tidak,Aktif
63,27,P,Belum Menikah,D3,PNS,4930000,34,21320000,24,11,0,0,0,0.23,5100000,600000,0,Bandung,100000,Biasa,Tidak,0,Ya,Pasif
64,32,L,Belum Menikah,S1,UMKM,4632000,60,13712000,12,12,0,0,0,0.273,6000000,779000,0,Bandung,100000,Biasa,Tidak,4407000,Tidak,Aktif
65,29,L,Belum Menikah,D3,Nelayan,3245000,62,14085000,24,13,1,1,3,0.219,3100000,476000,1,Palembang,100000,Biasa,Ya,1875000,Tidak,Aktif
66,40,L,Menikah,S1,Guru,6845000,126,52845000,60,14,3,1,0,0.292,18900000,1658000,0,Medan,100000,Biasa,Ya,9329000,Ya,Aktif
67,36,L,Menikah,SMA,Guru,4164000,5,11792000,24,12,0,0,0,0.154,250000,261000,0,Palembang,25000,Calon,Tidak,2027000,Ya,Pasif
68,52,L,Menikah,S1,PNS,8822000,64,86398000,60,13,3,0,0,0.254,12800000,1491000,0,Medan,100000,Biasa,Ya,3446000,Ya,Aktif
69,23,P,Belum Menikah,SMA,Karyawan Swasta,2698000,22,10453000,36,12,0,0,0,0.155,1100000,100000,1,Medan,100000,Biasa,Tidak,713000,Ya,Pasif
70,39,L,Belum Menikah,SMA,Karyawan Swasta,4510000,93,11366000,12,11,0,3,2,0.24,9300000,771000,0,Makassar,100000,Biasa,Tidak,3332000,Ya,Aktif
71,40,P,Menikah,SMA,Nelayan,3301000,20,18337000,24,12,1,0,0,0.312,2000000,198000,0,Palembang,100000,Biasa,Ya,828000,Tidak,Aktif
72,39,L,Belum Menikah,D3,Nelayan,3496000,32,10569000,12,11,0,2,1,0.3,3200000,941000,0,Yogyakarta,100000,Biasa,Ya,2681000,Tidak,Aktif
73,25,L,Belum Menikah,SMA,UMKM,3607000,19,13064000,36,13,0,0,0,0.166,950000,198000,1,Jakarta,100000,Biasa,Tidak,1180000,Tidak,Pasif
74,30,P,Belum Menikah,SMA,Pedagang,4087000,11,36111000,36,13,0,1,2,0.314,1650000,259000,1,Palembang,75000,Calon,Ya,3682000,Tidak,Aktif
75,34,P,Cerai,SMA,Nelayan,2774000,34,7258000,12,11,0,1,0,0.251,1700000,364000,0,Semarang,100000,Biasa,Ya,1251000,Tidak,Aktif
76,30,L,Belum Menikah,SMA,UMKM,3195000,16,15508000,36,13,0,0,0,0.178,1600000,395000,0,Surabaya,100000,Biasa,Ya,1693000,Tidak,Aktif
77,36,P,Menikah,S1,Guru,6350000,50,52370000,60,13,1,2,1,0.219,7500000,1015000,0,Palembang,100000,Biasa,Ya,1279000,Ya,Aktif
78,39,L,Menikah,S1,Perawat,6406000,60,22147000,24,11,0,0,0,0.178,9000000,3212000,0,Semarang,100000,Biasa,Ya,1507000,Tidak,Aktif
79,28,L,Belum Menikah,S1,Karyawan Swasta,6549000,13,50006000,36,12,0,1,0,0.277,1950000,223000,0,Bandung,100000,Biasa,Ya,4073000,Ya,Aktif
80,41,P,Menikah,D3,Petani,4054000,50,18386000,36,12,1,2,0,0.316,5000000,920000,0,Jakarta,100000,Biasa,Ya,1672000,Tidak,Aktif
81,32,L,Menikah,SMA,Nelayan,2643000,24,4981000,12,11,2,2,2,0.248,1200000,100000,1,Jakarta,100000,Biasa,Tidak,211000,Tidak,Pasif
82,58,P,Menikah,S1,UMKM,5599000,81,41749000,36,12,2,2,0,0.294,8100000,2829000,0,Surabaya,100000,Biasa,Tidak,2667000,Tidak,Aktif
83,37,P,Menikah,SMA,Petani,2600000,40,7118000,12,11,4,0,0,0.303,2000000,281000,1,Medan,100000,Biasa,Tidak,1706000,Tidak,Aktif
84,55,L,Menikah,S1,PNS,13537000,86,81001000,36,13,0,0,0,0.224,17200000,2999000,0,Bandung,100000,Biasa,Ya,27205000,Ya,Aktif
85,47,L,Menikah,SMA,Pedagang,6178000,22,11215000,12,12,0,0,0,0.178,4400000,321000,0,Palembang,100000,Biasa,Tidak,612000,Tidak,Pasif
86,46,L,Menikah,S2,Pedagang,11834000,57,83688000,48,13,3,1,0,0.234,8550000,3001000,0,Semarang,100000,Biasa,Ya,1954000,Tidak,Aktif
87,42,L,Menikah,SMA,Karyawan Swasta,5358000,84,29040000,48,13,3,0,0,0.31,12600000,1956000,1,Yogyakarta,100000,Biasa,Ya,3428000,Ya,Aktif
88,27,L,Belum Menikah,SMA,Buruh,2513000,39,4197000,12,11,0,1,0,0.16,1950000,495000,0,Medan,100000,Biasa,Ya,1193000,Ya,Aktif
89,25,P,Belum Menikah,SMA,PNS,3324000,15,15746000,24,13,0,2,2,0.248,750000,299000,1,Semarang,100000,Biasa,Ya,592000,Ya,Pasif
90,35,P,Belum Menikah,SMA,Karyawan Swasta,5173000,20,12992000,12,11,0,2,0,0.304,1000000,596000,1,Yogyakarta,100000,Biasa,Ya,1019000,Ya,Aktif
91,42,L,Menikah,SMA,Petani,2619000,26,16220000,48,13,4,3,0,0.331,1300000,266000,1,Palembang,100000,Biasa,Ya,1117000,Tidak,Aktif
92,33,P,Belum Menikah,D3,Karyawan Swasta,7472000,79,60966000,48,13,0,0,0,0.245,11850000,1547000,0,Jakarta,100000,Biasa,Ya,13973000,Ya,Aktif
93,33,L,Belum Menikah,S1,PNS,6449000,78,32974000,48,13,0,0,0,0.158,11700000,1865000,0,Medan,100000,Biasa,Ya,1494000,Ya,Aktif
94,40,L,Menikah,D3,UMKM,4093000,20,10984000,12,12,2,2,1,0.326,3000000,160000,1,Medan,100000,Biasa,Ya,1288000,Tidak,Aktif
95,48,L,Menikah,S2,Karyawan Swasta,11735000,39,69260000,24,13,1,2,2,0.305,7800000,2259000,0,Yogyakarta,100000,Biasa,Ya,4862000,Tidak,Pasif
96,34,P,Menikah,SMA,Karyawan Swasta,4730000,29,8885000,12,11,0,2,1,0.176,2900000,695000,0,Bandung,100000,Biasa,Ya,5377000,Ya,Aktif
97,28,L,Belum Menikah,S1,Guru,4701000,4,14278000,24,11,0,0,0,0.152,400000,149000,0,Surabaya,100000,Calon,Tidak,765000,Ya,Pasif
98,33,P,Menikah,SMA,Buruh,2968000,29,12204000,24,12,1,0,0,0.221,1450000,143000,1,Makassar,100000,Biasa,Ya,3599000,Tidak,Aktif
99,31,L,Belum Menikah,SMA,UMKM,2911000,106,7150000,24,13,0,1,0,0.13,5300000,680000,0,Palembang,100000,Biasa,Tidak,1379000,Tidak,Aktif
100,26,L,Belum Menikah,SMA,Buruh,2914000,10,8483000,24,13,0,0,0,0.212,500000,188000,1,Makassar,75000,Calon,Tidak,1495000,Tidak,Aktif
101,44,L,Menikah,SMA,Buruh,2559000,107,8123000,24,12,3,1,1,0.219,5350000,776000,1,Semarang,100000,Biasa,Tidak,1568000,Tidak,Aktif
102,65,P,Menikah,S1,Karyawan Swasta,7305000,42,31223000,48,13,4,0,0,0.186,4200000,477000,0,Palembang,100000,Biasa,Ya,9607000,Ya,Pasif
103,38,L,Menikah,S1,PNS,9182000,54,45313000,60,13,4,1,1,0.218,10800000,1353000,0,Makassar,100000,Biasa,Ya,6895000,Tidak,Aktif
104,33,P,Belum Menikah,SMA,Nelayan,2712000,64,8639000,36,13,0,2,1,0.119,3200000,605000,1,Makassar,100000,Biasa,Ya,1172000,Tidak,Aktif
105,38,L,Menikah,SMA,Pedagang,5039000,15,28930000,36,12,4,0,0,0.225,1500000,268000,1,Medan,100000,Biasa,Ya,5977000,Tidak,Aktif
106,31,P,Belum Menikah,SMA,Karyawan Swasta,6271000,31,13325000,12,10,1,0,0,0.219,6200000,710000,0,Medan,100000,Biasa,Ya,2742000,Ya,Aktif
107,35,L,Belum Menikah,SMA,Karyawan Swasta,5480000,5,16786000,60,15,0,1,0,0.103,500000,188000,0,Makassar,75000,Calon,Tidak,1494000,Ya,Aktif
108,36,P,Menikah,S1,Wiraswasta,7797000,127,34270000,24,13,4,4,6,0.241,19050000,1106000,1,Semarang,100000,Biasa,Ya,10405000,Tidak,Aktif
109,30,P,Menikah,SMA,Pedagang,3600000,29,25458000,24,11,0,1,0,0.343,1450000,796000,1,Makassar,100000,Biasa,Tidak,3206000,Tidak,Aktif
110,36,P,Menikah,S1,PNS,10412000,35,76366000,60,13,1,0,0,0.203,7000000,1016000,0,Jakarta,100000,Biasa,Ya,3489000,Ya,Aktif
111,31,L,Menikah,S1,Karyawan Swasta,10286000,60,75721000,60,13,1,0,0,0.193,12000000,1155000,0,Makassar,100000,Biasa,Ya,9660000,Ya,Aktif
112,32,P,Menikah,D3,Guru,4380000,64,44770000,60,13,2,1,1,0.253,6400000,301000,0,Surabaya,100000,Biasa,Ya,4713000,Ya,Aktif
113,47,P,Menikah,D3,Nelayan,3176000,52,9661000,12,11,4,1,0,0.325,5200000,748000,0,Palembang,100000,Biasa,Ya,377000,Tidak,Aktif
114,33,P,Menikah,S1,Wiraswasta,6072000,66,20785000,24,11,1,0,0,0.18,9900000,597000,0,Medan,100000,Biasa,Ya,10367000,Tidak,Aktif
115,31,P,Menikah,S1,UMKM,5036000,41,21429000,48,13,3,0,0,0.142,4100000,357000,0,Medan,100000,Biasa,Ya,1903000,Tidak,Pasif
116,49,P,Menikah,SMA,UMKM,3170000,47,6822000,12,12,1,1,1,0.201,2350000,788000,1,Surabaya,100000,Biasa,Ya,1881000,Tidak,Aktif
117,28,P,Belum Menikah,S1,Perawat,5009000,23,36146000,36,13,0,0,0,0.258,1150000,393000,1,Semarang,100000,Biasa,Ya,1546000,Tidak,Aktif
118,25,L,Belum Menikah,S1,Pedagang,8640000,38,21694000,24,13,0,0,0,0.151,7600000,1156000,0,Jakarta,100000,Biasa,Ya,16491000,Tidak,Aktif
119,50,P,Menikah,S1,Guru,8779000,15,79695000,48,13,4,0,0,0.286,3000000,738000,1,Medan,100000,Biasa,Ya,1824000,Tidak,Aktif
120,45,P,Menikah,SMA,Karyawan Swasta,5682000,71,23809000,24,12,1,1,0,0.255,7100000,928000,0,Bandung,100000,Biasa,Tidak,2449000,Ya,Pasif
121,57,P,Menikah,SMA,UMKM,3876000,21,22224000,36,13,1,0,0,0.208,2100000,161000,0,Jakarta,100000,Biasa,Ya,590000,Tidak,Pasif
122,33,P,Menikah,S1,Karyawan Swasta,8063000,38,11902000,12,10,4,1,0,0.228,3800000,1554000,0,Palembang,100000,Biasa,Tidak,4139000,Tidak,Aktif
123,34,L,Belum Menikah,SMA,UMKM,7066000,31,31571000,24,12,1,0,0,0.236,3100000,1526000,1,Jakarta,100000,Biasa,Ya,8500000,Tidak,Aktif
124,38,L,Menikah,SMA,Karyawan Swasta,3807000,53,17728000,48,14,3,2,4,0.159,2650000,1295000,1,Semarang,100000,Biasa,Tidak,1670000,Ya,Aktif
125,47,P,Menikah,S1,Nelayan,3831000,35,15235000,24,11,1,1,0,0.211,3500000,201000,0,Semarang,100000,Biasa,Ya,1845000,Tidak,Aktif
126,44,L,Menikah,SMA,UMKM,3290000,72,6673000,12,11,4,4,0,0.274,3600000,574000,1,Surabaya,100000,Biasa,Ya,1946000,Tidak,Aktif
127,31,P,Menikah,SMA,UMKM,3001000,34,8430000,24,13,3,0,0,0.171,1700000,497000,1,Medan,100000,Biasa,Tidak,832000,Tidak,Pasif
128,30,P,Menikah,SMA,Nelayan,3484000,14,29086000,60,15,3,0,0,0.267,1400000,210000,1,Bandung,100000,Biasa,Ya,1292000,Tidak,Aktif
129,31,P,Menikah,D3,Pedagang,5611000,33,51832000,36,12,0,2,0,0.318,3300000,599000,1,Yogyakarta,100000,Biasa,Ya,12375000,Tidak,Aktif
130,29,P,Belum Menikah,S2,Karyawan Swasta,9712000,13,16274000,12,11,0,1,0,0.158,2600000,1515000,0,Jakarta,100000,Biasa,Ya,8602000,Ya,Aktif
131,36,P,Cerai,S1,Wiraswasta,6909000,105,27647000,24,12,2,2,0,0.289,15750000,1671000,0,Palembang,100000,Biasa,Tidak,5197000,Tidak,Aktif
132,32,P,Menikah,SMA,PNS,4486000,45,40246000,60,14,4,0,0,0.302,6750000,285000,1,Palembang,100000,Biasa,Tidak,1216000,Ya,Pasif
133,27,P,Menikah,D3,Wiraswasta,6684000,66,59465000,48,13,1,4,2,0.286,9900000,2123000,1,Semarang,100000,Biasa,Ya,4870000,Tidak,Aktif
134,65,P,Menikah,SMA,Karyawan Swasta,4392000,37,24268000,24,13,0,0,0,0.279,3700000,692000,0,Yogyakarta,100000,Biasa,Ya,963000,Ya,Aktif
135,31,L,Menikah,SMA,PNS,4176000,6,17229000,24,12,1,1,0,0.217,600000,342000,0,Medan,25000,Calon,Ya,1157000,Ya,Aktif
136,29,L,Belum Menikah,SMA,PNS,3047000,52,4894000,12,12,1,1,2,0.192,2600000,461000,0,Palembang,100000,Biasa,Tidak,1360000,Ya,Aktif
137,37,P,Menikah,S1,UMKM,4817000,66,7697000,12,11,3,1,0,0.228,6600000,909000,0,Semarang,100000,Biasa,Ya,4888000,Tidak,Aktif
138,28,L,Menikah,SMA,PNS,4300000,17,16732000,48,12,0,1,0,0.126,1700000,227000,0,Jakarta,100000,Biasa,Ya,0,Ya,Pasif
139,41,P,Menikah,S1,Karyawan Swasta,8254000,54,66593000,36,12,1,1,0,0.309,10800000,501000,0,Makassar,100000,Biasa,Ya,3693000,Ya,Pasif
140,35,L,Belum Menikah,D3,Karyawan Swasta,6946000,80,15267000,24,12,3,1,0,0.161,12000000,1248000,0,Jakarta,100000,Biasa,Ya,5938000,Ya,Aktif
141,22,L,Belum Menikah,SMA,PNS,5801000,27,25406000,24,12,0,2,0,0.243,2700000,1257000,0,Jakarta,100000,Biasa,Ya,1291000,Tidak,Pasif
142,29,P,Belum Menikah,S1,PNS,6469000,10,17709000,12,12,0,1,0,0.262,1500000,273000,0,Semarang,75000,Calon,Tidak,2580000,Ya,Pasif
143,31,P,Belum Menikah,SMA,Petani,2862000,14,15714000,36,14,0,1,3,0.208,1400000,108000,0,Palembang,100000,Biasa,Ya,2298000,Tidak,Pasif
144,28,L,Menikah,SMA,UMKM,3115000,10,14674000,24,13,2,0,0,0.281,500000,226000,1,Semarang,25000,Calon,Ya,586000,Tidak,Aktif
145,43,P,Belum Menikah,S2,Karyawan Swasta,8557000,19,18149000,12,12,1,0,0,0.248,3800000,555000,0,Yogyakarta,100000,Biasa,Tidak,3868000,Ya,Aktif
146,29,P,Belum Menikah,SMA,UMKM,3331000,17,26686000,36,11,0,0,0,0.281,850000,263000,1,Yogyakarta,100000,Biasa,Ya,1177000,Tidak,Aktif
147,34,L,Belum Menikah,SMA,Guru,3121000,70,24563000,36,12,0,1,0,0.266,3500000,811000,0,Medan,100000,Biasa,Ya,1691000,Tidak,Aktif
148,28,P,Belum Menikah,D3,UMKM,5100000,29,10288000,12,12,0,0,0,0.197,2900000,884000,0,Surabaya,100000,Biasa,Ya,759000,Ya,Aktif
149,49,L,Menikah,S1,Guru,9531000,69,47014000,48,13,2,1,0,0.224,13800000,2513000,0,Yogyakarta,100000,Biasa,Tidak,5545000,Ya,Aktif
150,42,L,Menikah,D3,Pedagang,6826000,73,30169000,24,12,4,1,0,0.331,14600000,458000,0,Bandung,100000,Biasa,Tidak,543000,Tidak,Pasif
151,24,P,Belum Menikah,SMA,Buruh,2590000,16,21773000,48,14,0,0,0,0.239,800000,102000,1,Jakarta,100000,Biasa,Tidak,426000,Tidak,Aktif
152,39,P,Menikah,D3,Buruh,2630000,72,21249000,48,13,1,1,0,0.228,3600000,871000,1,Surabaya,100000,Biasa,Tidak,805000,Tidak,Aktif
153,35,P,Menikah,S1,PNS,7502000,63,46889000,60,13,1,1,0,0.174,9450000,1976000,0,Jakarta,100000,Biasa,Tidak,6435000,Ya,Aktif
154,37,L,Belum Menikah,SMA,Pedagang,7181000,74,18606000,24,13,0,2,0,0.137,14800000,2234000,0,Surabaya,100000,Biasa,Tidak,10306000,Tidak,Aktif
155,34,P,Belum Menikah,D3,Wiraswasta,7359000,13,25513000,24,11,0,0,0,0.187,1300000,334000,0,Makassar,100000,Biasa,Tidak,498000,Tidak,Pasif
156,49,P,Menikah,SMA,PNS,5722000,19,11624000,12,11,1,0,0,0.188,1900000,188000,0,Semarang,100000,Biasa,Tidak,1116000,Ya,Aktif
157,47,L,Menikah,SMA,UMKM,4737000,43,8234000,12,10,2,2,0,0.21,4300000,235000,0,Medan,100000,Biasa,Tidak,3201000,Tidak,Pasif
158,30,P,Menikah,D3,Wiraswasta,7750000,10,38261000,36,12,1,0,0,0.197,1500000,234000,0,Makassar,50000,Calon,Ya,3699000,Tidak,Aktif
159,30,P,Belum Menikah,S1,Pedagang,7486000,41,61426000,48,13,0,0,0,0.231,4100000,615000,0,Medan,100000,Biasa,Ya,6152000,Ya,Aktif
160,40,L,Menikah,SMA,Guru,3543000,76,13454000,24,12,2,0,0,0.204,3800000,109000,1,Medan,100000,Biasa,Tidak,10035000,Tidak,Pasif
161,29,P,Belum Menikah,D3,Perawat,4085000,54,10681000,12,10,1,0,0,0.283,5400000,949000,0,Semarang,100000,Biasa,Ya,2361000,Ya,Aktif
162,46,L,Menikah,S1,UMKM,4750000,47,40529000,48,12,3,3,0,0.236,7050000,336000,1,Makassar,100000,Biasa,Ya,7554000,Tidak,Aktif
163,40,L,Menikah,SMA,Buruh,2864000,17,5957000,24,13,2,1,0,0.163,1700000,254000,1,Makassar,100000,Biasa,Ya,1017000,Tidak,Aktif
164,37,P,Belum Menikah,S1,Karyawan Swasta,8526000,33,93786000,60,13,0,0,0,0.259,6600000,1085000,0,Jakarta,100000,Biasa,Ya,7462000,Ya,Aktif
165,39,L,Menikah,SMA,Buruh,3579000,77,29859000,36,13,2,2,0,0.319,3850000,383000,1,Medan,100000,Biasa,Tidak,506000,Tidak,Aktif
166,43,P,Belum Menikah,SMA,Perawat,3770000,71,22532000,36,14,0,1,0,0.242,7100000,1010000,0,Semarang,100000,Biasa,Ya,4269000,Ya,Aktif
167,40,P,Menikah,S1,Perawat,6858000,45,38038000,36,12,2,1,0,0.218,6750000,3813000,0,Bandung,100000,Biasa,Ya,1551000,Ya,Aktif
168,39,L,Menikah,SMA,UMKM,2837000,75,11416000,36,12,3,1,1,0.18,3750000,179000,0,Medan,100000,Biasa,Ya,3154000,Tidak,Aktif
169,49,P,Menikah,D3,Karyawan Swasta,8578000,24,49347000,60,13,2,2,1,0.162,4800000,481000,0,Makassar,100000,Biasa,Tidak,2597000,Tidak,Aktif
170,29,P,Belum Menikah,SMA,Buruh,2565000,53,17028000,60,14,0,1,0,0.172,2650000,675000,0,Yogyakarta,100000,Biasa,Ya,3611000,Tidak,Aktif
171,52,P,Menikah,S1,PNS,9661000,42,48032000,24,12,3,0,0,0.325,8400000,1092000,0,Medan,100000,Biasa,Ya,8762000,Ya,Pasif
172,34,L,Belum Menikah,SMA,Pedagang,5676000,29,47194000,36,14,0,1,1,0.297,4350000,446000,0,Makassar,100000,Biasa,Ya,1283000,Tidak,Aktif
173,35,L,Belum Menikah,SMA,Petani,2535000,43,20808000,60,13,0,3,0,0.207,2150000,100000,0,Surabaya,100000,Biasa,Ya,1288000,Tidak,Pasif
174,40,L,Belum Menikah,SMA,UMKM,5747000,55,34790000,24,12,0,1,0,0.292,8250000,945000,1,Surabaya,100000,Biasa,Ya,3157000,Ya,Aktif
175,42,L,Menikah,SMA,Buruh,2840000,43,23295000,48,13,2,2,1,0.247,2150000,329000,1,Semarang,100000,Biasa,Ya,301000,Tidak,Pasif
176,61,P,Menikah,SMA,Perawat,3143000,15,20741000,48,12,1,2,0,0.214,750000,227000,1,Yogyakarta,100000,Biasa,Ya,1671000,Ya,Aktif
177,30,P,Belum Menikah,S1,Pedagang,6757000,5,19482000,24,11,0,0,0,0.157,1000000,498000,0,Medan,50000,Calon,Ya,2447000,Tidak,Aktif
178,36,L,Belum Menikah,S1,Guru,4550000,31,38643000,36,12,0,2,0,0.305,3100000,293000,0,Medan,100000,Biasa,Ya,5127000,Tidak,Aktif
179,38,L,Belum Menikah,D3,Guru,4898000,64,26108000,48,13,0,3,0,0.16,6400000,528000,0,Medan,100000,Biasa,Tidak,918000,Tidak,Pasif
180,47,L,Belum Menikah,S2,UMKM,7162000,170,43405000,48,13,0,3,1,0.172,25500000,1954000,0,Palembang,100000,Biasa,Ya,5949000,Tidak,Aktif
181,60,P,Menikah,SMA,UMKM,4147000,115,32406000,36,12,2,0,0,0.425,5750000,1534000,0,Palembang,100000,Biasa,Ya,2747000,Tidak,Aktif
182,33,P,Belum Menikah,SMA,Petani,3026000,22,6429000,12,12,0,5,1,0.211,1100000,395000,0,Makassar,100000,Biasa,Ya,1423000,Tidak,Aktif
183,29,L,Belum Menikah,SMA,Nelayan,2629000,22,23689000,36,12,1,1,1,0.323,1100000,132000,1,Makassar,100000,Biasa,Ya,1137000,Tidak,Aktif
184,31,L,Belum Menikah,D3,Perawat,3814000,3,15287000,24,12,0,0,0,0.204,450000,579000,1,Makassar,25000,Calon,Ya,1158000,Ya,Aktif
185,44,P,Menikah,SMA,UMKM,4700000,29,10945000,12,11,2,0,0,0.273,1450000,128000,0,Semarang,100000,Biasa,Tidak,413000,Tidak,Pasif
186,33,L,Belum Menikah,SMA,Petani,2664000,29,12797000,48,13,0,3,2,0.14,2900000,441000,0,Palembang,100000,Biasa,Tidak,843000,Tidak,Aktif
187,51,P,Menikah,SMA,Karyawan Swasta,5882000,62,49646000,48,13,4,1,0,0.291,9300000,431000,1,Medan,100000,Biasa,Tidak,1519000,Ya,Pasif
188,32,L,Belum Menikah,D3,Wiraswasta,6709000,14,15672000,12,12,0,1,0,0.245,2100000,247000,1,Yogyakarta,100000,Biasa,Ya,1967000,Tidak,Aktif
189,43,L,Belum Menikah,S1,Karyawan Swasta,9701000,13,60577000,36,11,1,1,0,0.217,2600000,771000,0,Surabaya,100000,Biasa,Ya,3567000,Ya,Aktif
190,49,P,Menikah,S2,PNS,7896000,65,43525000,48,13,2,4,1,0.25,9750000,866000,0,Yogyakarta,100000,Biasa,Ya,8178000,Ya,Aktif
191,27,L,Belum Menikah,D3,Nelayan,2806000,27,6436000,12,12,0,0,0,0.242,1350000,100000,1,Jakarta,100000,Biasa,Tidak,0,Tidak,Pasif
192,37,P,Belum Menikah,D3,UMKM,3844000,76,18130000,24,12,1,0,0,0.243,7600000,189000,1,Semarang,100000,Biasa,Ya,629000,Tidak,Aktif
193,33,P,Belum Menikah,D3,PNS,6102000,73,25271000,24,12,0,2,2,0.207,7300000,236000,1,Medan,100000,Biasa,Tidak,3535000,Ya,Pasif
194,32,L,Menikah,SMA,Karyawan Swasta,4545000,25,18889000,24,11,2,0,0,0.229,2500000,249000,1,Semarang,100000,Biasa,Ya,548000,Ya,Pasif
195,40,P,Menikah,SMA,Petani,2633000,43,4228000,12,11,4,0,0,0.222,2150000,217000,1,Makassar,100000,Biasa,Ya,1750000,Tidak,Aktif
196,33,L,Belum Menikah,SMA,Buruh,3211000,39,23848000,36,12,0,2,2,0.263,3900000,644000,1,Surabaya,100000,Biasa,Ya,722000,Tidak,Aktif
197,32,L,Belum Menikah,SMA,Karyawan Swasta,5176000,30,22696000,24,11,0,1,0,0.216,3000000,370000,0,Bandung,100000,Biasa,Tidak,1387000,Ya,Pasif
198,37,L,Menikah,SMA,Buruh,3401000,62,14149000,24,12,4,1,1,0.331,3100000,216000,1,Bandung,100000,Biasa,Tidak,1394000,Tidak,Pasif
199,29,P,Menikah,SMA,Wiraswasta,3347000,13,10664000,24,12,2,1,0,0.219,650000,209000,1,Palembang,100000,Biasa,Tidak,900000,Tidak,Aktif
200,41,P,Belum Menikah,S1,PNS,8021000,23,51688000,36,12,0,0,0,0.252,3450000,290000,1,Makassar,100000,Biasa,Tidak,0,Ya,Pasif
201,42,P,Cerai,S2,PNS,12640000,27,84710000,60,13,0,1,0,0.167,5400000,1313000,0,Makassar,100000,Biasa,Ya,1606000,Ya,Aktif
202,46,P,Menikah,S2,PNS,12728000,43,50028000,48,14,1,3,1,0.142,6450000,1376000,0,Bandung,100000,Biasa,Ya,5356000,Ya,Aktif
203,48,P,Menikah,S2,Pedagang,11090000,25,121990000,48,13,1,0,0,0.318,5000000,1705000,0,Yogyakarta,100000,Biasa,Ya,3104000,Tidak,Aktif
204,38,L,Menikah,SMA,Buruh,3023000,30,8019000,24,12,1,1,0,0.154,1500000,157000,0,Medan,100000,Biasa,Ya,609000,Tidak,Pasif
205,48,P,Menikah,D3,Petani,5216000,39,34212000,36,13,0,1,1,0.225,3900000,1481000,1,Jakarta,100000,Biasa,Ya,3342000,Tidak,Aktif
206,38,L,Menikah,SMA,Buruh,2922000,23,4089000,12,11,0,0,0,0.13,2300000,217000,0,Medan,100000,Biasa,Tidak,1483000,Tidak,Pasif
207,44,L,Menikah,SMA,Buruh,2804000,18,12796000,48,14,2,0,0,0.155,900000,385000,0,Yogyakarta,100000,Biasa,Ya,1396000,Tidak,Aktif
208,35,L,Menikah,SMA,Nelayan,2800000,48,26287000,60,13,2,0,0,0.252,2400000,440000,0,Medan,100000,Biasa,Ya,1076000,Ya,Aktif
209,51,P,Menikah,D3,Petani,3186000,66,17003000,36,13,4,2,1,0.285,6600000,259000,1,Makassar,100000,Biasa,Ya,1282000,Tidak,Pasif
210,34,P,Cerai,SMA,Pedagang,5569000,120,31057000,36,13,0,4,2,0.201,6000000,2339000,1,Yogyakarta,100000,Biasa,Ya,6227000,Tidak,Aktif
211,34,P,Belum Menikah,S1,UMKM,3630000,5,11110000,48,14,0,0,0,0.119,250000,180000,1,Yogyakarta,75000,Calon,Tidak,1074000,Tidak,Pasif
212,35,L,Belum Menikah,SMA,Buruh,2548000,85,2948000,12,12,1,1,1,0.147,4250000,324000,1,Palembang,100000,Biasa,Tidak,3781000,Tidak,Aktif
213,30,L,Menikah,D3,UMKM,3766000,27,4086000,12,11,1,4,1,0.164,2700000,216000,0,Semarang,100000,Biasa,Ya,1484000,Tidak,Aktif
214,30,P,Belum Menikah,SMA,PNS,3089000,26,24442000,36,13,0,2,1,0.296,1300000,161000,0,Semarang,100000,Biasa,Tidak,177000,Ya,Pasif
215,42,L,Menikah,S1,Pedagang,6328000,59,67184000,60,13,2,2,0,0.299,8850000,306000,0,Medan,100000,Biasa,Tidak,2825000,Ya,Pasif
216,48,P,Menikah,S2,Petani,8884000,16,75107000,36,13,2,2,1,0.397,3200000,284000,1,Jakarta,100000,Biasa,Ya,2188000,Tidak,Pasif
217,51,L,Menikah,S1,Guru,9406000,17,30660000,36,12,1,1,0,0.126,3400000,620000,0,Jakarta,100000,Biasa,Tidak,0,Ya,Pasif
218,32,L,Menikah,S2,PNS,8166000,38,22556000,12,11,2,0,0,0.287,3800000,280000,1,Palembang,100000,Biasa,Tidak,950000,Ya,Pasif
219,47,P,Menikah,SMA,Nelayan,3544000,48,10219000,24,13,2,0,0,0.185,2400000,965000,0,Bandung,100000,Biasa,Ya,4560000,Tidak,Aktif
220,60,P,Menikah,S2,PNS,8446000,25,43323000,48,14,2,1,0,0.181,2500000,371000,0,Medan,100000,Biasa,Ya,2360000,Ya,Aktif
221,50,P,Belum Menikah,D3,Guru,4694000,55,6533000,12,11,0,1,0,0.138,5500000,778000,0,Semarang,100000,Biasa,Ya,4183000,Ya,Aktif
222,37,P,Menikah,S1,Wiraswasta,9377000,41,58899000,36,12,3,1,0,0.278,6150000,1314000,1,Yogyakarta,100000,Biasa,Ya,13148000,Tidak,Aktif
223,36,L,Menikah,D3,Pedagang,4995000,131,10992000,12,11,4,2,0,0.219,13100000,2089000,0,Semarang,100000,Biasa,Ya,4687000,Tidak,Aktif
224,40,L,Menikah,SMA,Petani,2585000,37,25032000,36,12,3,1,0,0.335,1850000,188000,1,Yogyakarta,100000,Biasa,Ya,794000,Tidak,Aktif
225,36,P,Menikah,S1,UMKM,7460000,58,35539000,48,13,1,2,0,0.147,8700000,1252000,0,Jakarta,100000,Biasa,Ya,4756000,Tidak,Aktif
226,30,P,Belum Menikah,S1,PNS,7057000,48,33762000,48,13,1,3,0,0.181,4800000,1120000,0,Medan,100000,Biasa,Tidak,2044000,Ya,Aktif
227,49,P,Menikah,S1,Pedagang,9536000,88,52164000,36,13,4,4,1,0.212,17600000,1334000,0,Medan,100000,Biasa,Tidak,9239000,Tidak,Aktif
228,44,L,Menikah,SMA,UMKM,2972000,37,8282000,36,13,4,0,0,0.131,1850000,207000,0,Makassar,100000,Biasa,Ya,2226000,Tidak,Aktif
229,25,L,Belum Menikah,SMA,Buruh,3822000,45,20862000,48,13,1,2,2,0.202,6750000,1093000,0,Medan,100000,Biasa,Ya,5552000,Ya,Aktif
230,48,P,Belum Menikah,D3,Petani,3557000,76,11266000,24,13,1,1,1,0.205,7600000,335000,1,Bandung,100000,Biasa,Ya,2534000,Tidak,Aktif
231,39,P,Menikah,SMA,Nelayan,2858000,47,16627000,36,14,2,2,3,0.234,2350000,414000,1,Bandung,100000,Biasa,Tidak,0,Tidak,Pasif
232,35,L,Belum Menikah,SMA,Karyawan Swasta,8624000,80,21633000,12,11,0,1,0,0.242,12000000,1788000,0,Yogyakarta,100000,Biasa,Ya,11280000,Ya,Aktif
233,34,L,Menikah,SMA,Wiraswasta,4778000,81,17314000,24,12,3,2,0,0.228,8100000,818000,1,Makassar,100000,Biasa,Ya,5065000,Tidak,Aktif
234,30,P,Menikah,S1,PNS,5679000,40,27194000,36,13,2,2,2,0.226,4000000,506000,0,Palembang,100000,Biasa,Ya,7941000,Ya,Aktif
235,53,P,Menikah,SMA,Petani,4002000,35,29274000,36,12,2,0,0,0.261,3500000,480000,0,Yogyakarta,100000,Biasa,Tidak,693000,Tidak,Pasif
236,52,L,Menikah,SMA,Pedagang,4923000,68,10143000,24,13,3,1,2,0.153,10200000,458000,1,Medan,100000,Biasa,Tidak,2624000,Tidak,Pasif
237,34,L,Belum Menikah,S2,UMKM,9441000,5,32315000,36,12,0,0,0,0.13,1000000,565000,0,Yogyakarta,50000,Calon,Ya,2228000,Tidak,Aktif
238,29,L,Belum Menikah,SMA,Buruh,3505000,18,24914000,36,12,0,0,0,0.258,900000,230000,1,Palembang,100000,Biasa,Tidak,0,Tidak,Pasif
239,41,L,Menikah,S1,Petani,5740000,50,63140000,60,14,0,5,2,0.293,5000000,930000,1,Surabaya,100000,Biasa,Ya,459000,Tidak,Aktif
240,57,P,Menikah,S2,Perawat,11408000,114,79585000,36,11,2,3,1,0.272,22800000,2869000,0,Makassar,100000,Biasa,Ya,7254000,Ya,Aktif
241,37,L,Menikah,SMA,PNS,5901000,43,37498000,36,12,1,0,0,0.227,8600000,239000,0,Medan,100000,Biasa,Ya,4233000,Ya,Aktif
242,28,P,Belum Menikah,S1,Karyawan Swasta,4898000,23,17285000,24,12,0,3,1,0.192,2300000,237000,0,Bandung,100000,Biasa,Ya,2318000,Ya,Aktif
243,34,P,Menikah,S2,UMKM,6142000,66,12264000,24,12,4,2,2,0.132,9900000,597000,0,Makassar,100000,Biasa,Tidak,2674000,Tidak,Aktif
244,36,L,Belum Menikah,S1,PNS,7303000,60,26967000,24,12,0,2,5,0.212,9000000,2341000,0,Medan,100000,Biasa,Ya,2017000,Ya,Aktif
245,38,P,Menikah,SMA,Petani,4050000,49,21366000,36,12,3,1,1,0.227,4900000,361000,0,Surabaya,100000,Biasa,Ya,3092000,Tidak,Aktif
246,31,L,Menikah,SMA,Pedagang,4277000,42,8832000,12,10,0,0,0,0.187,4200000,823000,0,Palembang,100000,Biasa,Ya,6998000,Tidak,Aktif
247,25,P,Belum Menikah,S1,Petani,3009000,5,11120000,24,13,0,1,3,0.196,250000,420000,1,Bandung,100000,Calon,Tidak,0,Tidak,Pasif
248,43,P,Menikah,S1,Karyawan Swasta,6653000,59,10995000,12,12,3,3,1,0.202,11800000,1798000,0,Yogyakarta,100000,Biasa,Ya,5121000,Tidak,Aktif
249,40,P,Menikah,S1,Karyawan Swasta,10477000,61,38087000,24,11,3,4,1,0.196,12200000,5146000,0,Jakarta,100000,Biasa,Ya,6675000,Ya,Aktif
250,41,P,Menikah,S1,Guru,6090000,28,21967000,24,10,3,0,0,0.246,2800000,1911000,0,Yogyakarta,100000,Biasa,Ya,1529000,Ya,Aktif
251,31,L,Belum Menikah,S2,Guru,6397000,36,35237000,48,14,0,1,1,0.178,3600000,816000,0,Makassar,100000,Biasa,Ya,4549000,Ya,Aktif
252,39,L,Menikah,S1,Karyawan Swasta,6989000,102,11080000,12,11,2,1,0,0.217,10200000,569000,0,Palembang,100000,Biasa,Tidak,7079000,Ya,Aktif
253,40,P,Menikah,D3,Karyawan Swasta,6233000,29,16181000,12,12,1,0,0,0.264,5800000,171000,1,Medan,100000,Biasa,Tidak,322000,Ya,Pasif
254,31,L,Belum Menikah,SMA,Karyawan Swasta,5762000,86,63382000,60,13,0,1,1,0.292,8600000,1820000,0,Jakarta,100000,Biasa,Ya,1655000,Ya,Aktif
255,38,L,Menikah,S2,Wiraswasta,13534000,16,61405000,24,11,3,0,0,0.351,3200000,1628000,0,Bandung,100000,Biasa,Ya,13860000,Tidak,Aktif
256,35,L,Belum Menikah,SMA,Buruh,3491000,41,18184000,24,12,0,0,0,0.272,2050000,154000,0,Medan,100000,Biasa,Tidak,0,Tidak,Pasif
257,29,L,Belum Menikah,SMA,Buruh,2557000,57,8949000,12,11,0,0,0,0.328,5700000,467000,0,Palembang,100000,Biasa,Tidak,4692000,Tidak,Pasif
258,40,P,Menikah,SMA,PNS,4694000,11,21054000,36,12,3,0,0,0.197,550000,307000,1,Semarang,100000,Calon,Ya,1614000,Ya,Aktif
259,35,L,Menikah,S2,Guru,8260000,52,54441000,48,12,4,0,0,0.252,7800000,1239000,0,Yogyakarta,100000,Biasa,Tidak,4437000,Ya,Pasif
260,31,P,Menikah,S2,Pedagang,14413000,21,31103000,12,11,2,0,0,0.273,4200000,365000,1,Jakarta,100000,Biasa,Tidak,1178000,Tidak,Pasif
261,34,P,Menikah,S1,Karyawan Swasta,4178000,19,22403000,36,12,2,0,0,0.236,950000,310000,1,Medan,100000,Biasa,Ya,1124000,Ya,Aktif
262,32,P,Belum Menikah,SMA,Karyawan Swasta,3718000,30,18352000,36,12,0,0,0,0.175,1500000,338000,0,Medan,100000,Biasa,Ya,3939000,Ya,Aktif
263,39,L,Menikah,D3,Buruh,3304000,19,29502000,60,14,3,0,0,0.284,950000,291000,1,Medan,100000,Biasa,Tidak,2467000,Tidak,Aktif
264,52,P,Menikah,SMA,Buruh,2507000,56,17438000,60,13,3,0,0,0.227,2800000,268000,1,Medan,100000,Biasa,Ya,1546000,Tidak,Aktif
265,40,L,Menikah,D3,PNS,7192000,41,51005000,48,12,4,1,0,0.281,8200000,354000,1,Jakarta,100000,Biasa,Ya,699000,Ya,Pasif
266,57,P,Menikah,SMA,UMKM,4162000,7,6598000,12,11,3,0,0,0.301,700000,100000,0,Yogyakarta,75000,Calon,Tidak,0,Tidak,Pasif
267,35,L,Menikah,SMA,Buruh,2545000,105,17374000,60,14,1,4,0,0.192,5250000,678000,0,Yogyakarta,100000,Biasa,Ya,3750000,Ya,Aktif
268,40,P,Belum Menikah,SMA,Perawat,2990000,50,18958000,48,13,2,1,0,0.18,2500000,293000,0,Semarang,100000,Biasa,Ya,2306000,Ya,Aktif
269,26,L,Belum Menikah,D3,Pedagang,4649000,24,20077000,48,13,0,1,1,0.131,2400000,282000,0,Surabaya,100000,Biasa,Tidak,396000,Tidak,Aktif
270,39,L,Menikah,SMA,Wiraswasta,8635000,111,44098000,24,14,4,4,2,0.284,22200000,5277000,1,Yogyakarta,100000,Biasa,Ya,5293000,Tidak,Aktif
271,39,P,Menikah,S1,Guru,7874000,22,28477000,36,12,0,1,0,0.15,3300000,370000,0,Jakarta,100000,Biasa,Tidak,1027000,Ya,Pasif
272,28,P,Belum Menikah,SMA,Petani,2726000,46,13000000,36,12,2,1,0,0.277,2300000,308000,0,Palembang,100000,Biasa,Ya,685000,Tidak,Aktif
273,37,L,Belum Menikah,SMA,Nelayan,3209000,65,16751000,48,13,0,1,0,0.157,6500000,249000,0,Surabaya,100000,Biasa,Ya,2290000,Tidak,Aktif
274,37,L,Cerai,SMA,Nelayan,2540000,11,23298000,48,14,1,0,0,0.372,550000,409000,1,Medan,100000,Calon,Tidak,5456000,Tidak,Aktif
275,32,L,Belum Menikah,SMA,Wiraswasta,6224000,71,26362000,36,13,0,1,0,0.147,14200000,602000,0,Jakarta,100000,Biasa,Tidak,1696000,Tidak,Pasif
276,40,P,Menikah,SMA,Karyawan Swasta,6648000,22,31987000,48,12,2,2,1,0.152,3300000,1692000,0,Surabaya,100000,Biasa,Ya,6280000,Tidak,Aktif
277,38,P,Belum Menikah,D3,Karyawan Swasta,6130000,42,64858000,60,14,1,1,1,0.299,6300000,551000,1,Yogyakarta,100000,Biasa,Tidak,1704000,Ya,Pasif
278,26,P,Belum Menikah,S1,Wiraswasta,6352000,19,18787000,24,12,0,1,0,0.17,3800000,332000,1,Makassar,100000,Biasa,Tidak,2140000,Tidak,Aktif
279,25,L,Belum Menikah,D3,Pedagang,3707000,8,29172000,60,13,0,1,1,0.238,800000,426000,0,Medan,100000,Calon,Ya,4967000,Tidak,Aktif
280,33,L,Belum Menikah,SMA,UMKM,3893000,75,10491000,24,12,1,1,1,0.156,7500000,1087000,0,Jakarta,100000,Biasa,Tidak,1604000,Tidak,Aktif
281,33,P,Belum Menikah,S2,Wiraswasta,7904000,13,16366000,12,11,0,1,0,0.214,1950000,618000,0,Yogyakarta,100000,Biasa,Ya,2039000,Tidak,Aktif
282,53,L,Menikah,SMA,Nelayan,3016000,75,14057000,24,12,3,2,1,0.264,7500000,459000,1,Jakarta,100000,Biasa,Ya,615000,Tidak,Aktif
283,41,P,Menikah,S1,Pedagang,9224000,75,47470000,24,12,2,1,0,0.297,15000000,1007000,0,Bandung,100000,Biasa,Tidak,1682000,Tidak,Pasif
284,41,P,Menikah,SMA,Buruh,2764000,71,17001000,36,12,0,0,0,0.246,3550000,703000,0,Jakarta,100000,Biasa,Tidak,1928000,Tidak,Aktif
285,33,P,Menikah,D3,Nelayan,3038000,12,10264000,24,11,3,0,0,0.192,1200000,271000,0,Palembang,100000,Biasa,Ya,1844000,Tidak,Aktif
286,36,L,Belum Menikah,S1,Perawat,4730000,19,13446000,12,12,0,0,0,0.269,1900000,489000,0,Medan,100000,Biasa,Ya,3465000,Tidak,Aktif
287,29,L,Menikah,D3,Karyawan Swasta,5237000,26,23240000,60,14,1,4,1,0.133,2600000,515000,0,Yogyakarta,100000,Biasa,Ya,1280000,Ya,Aktif
288,50,L,Menikah,SMA,Pedagang,7415000,35,27606000,24,12,1,0,0,0.207,3500000,893000,0,Bandung,100000,Biasa,Ya,824000,Tidak,Aktif
289,33,P,Menikah,D3,UMKM,3355000,17,10039000,12,12,2,1,0,0.323,850000,348000,1,Semarang,100000,Biasa,Ya,3778000,Tidak,Pasif
290,31,L,Belum Menikah,S1,Karyawan Swasta,6762000,54,65268000,36,13,0,1,0,0.341,5400000,400000,0,Medan,100000,Biasa,Tidak,1246000,Ya,Pasif
291,28,P,Belum Menikah,SMA,Buruh,2819000,38,18436000,48,13,0,0,0,0.192,1900000,280000,1,Jakarta,100000,Biasa,Tidak,1885000,Ya,Aktif
292,40,L,Belum Menikah,SMA,Karyawan Swasta,4406000,18,31438000,60,14,0,0,0,0.17,900000,429000,0,Yogyakarta,100000,Biasa,Ya,3006000,Tidak,Aktif
293,30,P,Menikah,SMA,Karyawan Swasta,3946000,38,14303000,24,12,1,0,0,0.237,1900000,977000,1,Palembang,100000,Biasa,Ya,7267000,Tidak,Aktif
294,40,P,Menikah,SMA,Petani,2999000,69,14325000,24,13,2,1,2,0.257,3450000,335000,0,Medan,100000,Biasa,Ya,3651000,Tidak,Aktif
295,43,L,Menikah,S1,Guru,5015000,48,26717000,36,11,1,0,0,0.197,4800000,485000,0,Medan,100000,Biasa,Ya,6072000,Ya,Aktif
296,32,L,Menikah,SMA,Buruh,2625000,24,7754000,12,12,1,1,0,0.281,2400000,112000,1,Semarang,100000,Biasa,Ya,1899000,Tidak,Aktif
297,28,L,Belum Menikah,D3,Buruh,3209000,31,13494000,36,12,1,1,0,0.185,1550000,366000,1,Jakarta,100000,Biasa,Ya,1302000,Tidak,Aktif
298,36,P,Menikah,D3,Nelayan,3613000,49,34191000,48,13,1,0,0,0.296,4900000,785000,1,Medan,100000,Biasa,Tidak,1053000,Tidak,Pasif
299,26,L,Belum Menikah,SMA,Wiraswasta,6492000,12,19062000,24,12,0,0,0,0.156,2400000,1311000,0,Surabaya,100000,Biasa,Ya,6429000,Tidak,Aktif
300,37,P,Menikah,SMA,Nelayan,2933000,65,29771000,60,14,4,1,1,0.31,3250000,551000,1,Semarang,100000,Biasa,Tidak,2347000,Tidak,Pasif
301,27,P,Belum Menikah,S1,Wiraswasta,8360000,29,80601000,60,14,0,2,1,0.231,4350000,301000,0,Surabaya,100000,Biasa,Ya,1126000,Tidak,Aktif
302,65,P,Menikah,S1,Guru,6309000,17,34359000,48,12,3,0,0,0.238,2550000,624000,0,Surabaya,100000,Biasa,Tidak,3519000,Ya,Pasif
303,44,L,Menikah,SMA,Nelayan,3397000,69,37367000,60,14,2,3,0,0.342,6900000,337000,0,Jakarta,100000,Biasa,Ya,1716000,Tidak,Aktif
304,44,P,Menikah,S1,Pedagang,7754000,77,51269000,36,13,1,0,0,0.245,11550000,1726000,0,Bandung,100000,Biasa,Tidak,2323000,Tidak,Aktif
305,33,L,Menikah,D3,Perawat,4026000,54,40206000,36,12,1,2,0,0.379,5400000,516000,0,Palembang,100000,Biasa,Tidak,750000,Ya,Pasif
306,33,L,Belum Menikah,S1,Karyawan Swasta,6941000,26,46647000,48,13,1,2,0,0.215,2600000,891000,1,Palembang,100000,Biasa,Tidak,4734000,Ya,Aktif
307,36,P,Menikah,S1,Pedagang,10633000,93,44257000,48,13,3,2,2,0.168,18600000,1406000,1,Medan,100000,Biasa,Ya,13727000,Tidak,Aktif
308,31,L,Belum Menikah,SMA,Karyawan Swasta,3352000,7,12390000,36,12,1,0,0,0.143,350000,378000,1,Palembang,100000,Calon,Ya,2413000,Tidak,Aktif
309,31,P,Menikah,S2,Guru,7037000,20,34477000,36,13,1,2,2,0.205,2000000,1498000,1,Surabaya,100000,Biasa,Tidak,4178000,Ya,Aktif
310,28,L,Menikah,S1,Karyawan Swasta,5646000,44,42885000,48,13,1,0,0,0.285,4400000,1010000,0,Palembang,100000,Biasa,Ya,3103000,Ya,Aktif
311,54,P,Menikah,S2,PNS,9162000,36,52422000,36,12,3,0,0,0.238,7200000,890000,0,Bandung,100000,Biasa,Ya,1428000,Ya,Pasif
312,37,P,Menikah,D3,UMKM,5054000,81,9672000,12,11,1,1,0,0.185,8100000,159000,0,Palembang,100000,Biasa,Ya,2836000,Tidak,Pasif
313,46,L,Belum Menikah,SMA,UMKM,4294000,20,14325000,24,12,0,1,0,0.189,2000000,334000,0,Palembang,100000,Biasa,Tidak,0,Tidak,Pasif
314,26,L,Belum Menikah,D3,Karyawan Swasta,3036000,11,7351000,12,11,0,0,0,0.227,1100000,100000,0,Makassar,75000,Calon,Tidak,1243000,Ya,Aktif
315,25,P,Belum Menikah,SMA,Petani,2832000,43,17786000,36,14,1,3,2,0.256,2150000,296000,0,Yogyakarta,100000,Biasa,Tidak,682000,Tidak,Aktif
316,42,P,Menikah,SMA,Buruh,3017000,32,6566000,24,12,2,1,2,0.108,1600000,101000,0,Medan,100000,Biasa,Tidak,3557000,Tidak,Aktif
317,37,P,Menikah,SMA,Buruh,2538000,40,12753000,36,12,2,0,0,0.253,2000000,421000,1,Medan,100000,Biasa,Ya,2584000,Tidak,Aktif
318,40,P,Menikah,S2,UMKM,9483000,36,21196000,12,11,2,1,0,0.284,7200000,619000,1,Surabaya,100000,Biasa,Tidak,0,Tidak,Pasif
319,46,L,Menikah,S1,Wiraswasta,10882000,88,26520000,12,12,0,0,0,0.24,17600000,2260000,0,Jakarta,100000,Biasa,Ya,4293000,Tidak,Pasif
320,38,P,Belum Menikah,D3,PNS,6397000,29,32539000,24,12,1,0,0,0.307,2900000,481000,0,Surabaya,100000,Biasa,Ya,3274000,Ya,Aktif
321,36,P,Belum Menikah,SMA,Buruh,2597000,101,18360000,60,13,0,2,0,0.195,5050000,237000,0,Makassar,100000,Biasa,Ya,653000,Ya,Pasif
322,39,L,Belum Menikah,SMA,Petani,3190000,156,6815000,12,11,0,1,1,0.208,7800000,1598000,0,Makassar,100000,Biasa,Tidak,2911000,Tidak,Aktif
323,32,P,Belum Menikah,SMA,Karyawan Swasta,4104000,29,45144000,48,13,1,1,0,0.345,4350000,486000,1,Jakarta,100000,Biasa,Ya,3503000,Ya,Aktif
324,24,L,Belum Menikah,SMA,Petani,2584000,7,11000000,48,13,1,0,0,0.17,350000,100000,1,Semarang,50000,Calon,Ya,215000,Tidak,Aktif
325,28,P,Belum Menikah,S1,PNS,4814000,18,16617000,12,11,0,1,2,0.324,1800000,497000,1,Palembang,100000,Biasa,Ya,5225000,Ya,Aktif
326,52,P,Cerai,SMA,Buruh,2584000,26,6209000,12,11,0,1,0,0.232,1300000,100000,0,Palembang,100000,Biasa,Ya,656000,Tidak,Pasif
327,32,P,Menikah,S1,Guru,6708000,11,9406000,12,11,1,1,0,0.139,2200000,820000,0,Palembang,100000,Calon,Tidak,2361000,Ya,Aktif
328,42,P,Menikah,S1,Guru,6601000,106,17982000,24,11,1,0,0,0.158,15900000,1363000,0,Bandung,100000,Biasa,Ya,4181000,Ya,Aktif
329,34,L,Menikah,SMA,Petani,3058000,24,12759000,24,13,3,0,0,0.228,2400000,183000,1,Palembang,100000,Biasa,Ya,2712000,Tidak,Aktif
330,31,L,Belum Menikah,S1,PNS,10377000,42,88596000,48,13,0,1,0,0.25,8400000,386000,0,Bandung,100000,Biasa,Ya,4809000,Tidak,Aktif
331,42,P,Menikah,D3,Karyawan Swasta,6399000,81,28871000,36,13,0,2,2,0.184,8100000,1204000,0,Surabaya,100000,Biasa,Ya,7733000,Ya,Aktif
332,44,L,Menikah,SMA,Perawat,4283000,10,27439000,24,12,2,0,0,0.336,1000000,336000,1,Yogyakarta,50000,Calon,Tidak,1148000,Ya,Pasif
333,26,P,Belum Menikah,D3,Karyawan Swasta,4919000,28,23508000,24,11,0,1,0,0.235,2800000,842000,0,Palembang,100000,Biasa,Tidak,2958000,Ya,Aktif
334,48,L,Menikah,SMA,Karyawan Swasta,5893000,149,64823000,48,13,1,2,2,0.343,22350000,3023000,0,Surabaya,100000,Biasa,Ya,20300000,Ya,Aktif
335,49,P,Menikah,SMA,Pedagang,12485000,28,35564000,24,12,1,1,2,0.155,5600000,899000,0,Jakarta,100000,Biasa,Tidak,1491000,Tidak,Pasif
336,39,P,Menikah,D3,Wiraswasta,7015000,35,33742000,24,12,3,1,0,0.267,7000000,1044000,0,Semarang,100000,Biasa,Ya,9473000,Ya,Aktif
337,38,P,Menikah,SMA,Buruh,2595000,66,20156000,36,13,2,4,1,0.379,6600000,300000,1,Medan,100000,Biasa,Tidak,1215000,Tidak,Aktif
338,28,L,Belum Menikah,SMA,Nelayan,2576000,27,11343000,24,13,1,4,3,0.251,1350000,100000,1,Makassar,100000,Biasa,Ya,941000,Tidak,Pasif
339,52,P,Menikah,D3,Karyawan Swasta,5501000,86,16273000,24,13,3,2,2,0.184,8600000,1216000,0,Semarang,100000,Biasa,Ya,4526000,Ya,Aktif
340,37,P,Belum Menikah,SMA,Pedagang,4749000,73,17027000,48,13,0,2,0,0.116,3650000,1502000,0,Medan,100000,Biasa,Ya,2746000,Tidak,Aktif
341,40,P,Menikah,SMA,UMKM,5098000,69,49294000,48,14,4,3,2,0.355,6900000,665000,1,Bandung,100000,Biasa,Ya,4642000,Tidak,Aktif
342,29,L,Belum Menikah,S1,Guru,6603000,59,11798000,12,11,0,0,0,0.193,8850000,483000,0,Jakarta,100000,Biasa,Ya,8345000,Ya,Aktif
343,38,L,Menikah,S1,Pedagang,8409000,45,31569000,24,12,2,1,1,0.342,6750000,585000,1,Yogyakarta,100000,Biasa,Ya,6887000,Tidak,Aktif
344,32,L,Menikah,S1,UMKM,5671000,69,43663000,36,12,3,1,0,0.355,3450000,364000,1,Bandung,100000,Biasa,Ya,3969000,Tidak,Aktif
345,40,L,Menikah,SMA,UMKM,3899000,33,26778000,48,14,0,1,0,0.209,3300000,496000,0,Makassar,100000,Biasa,Ya,2758000,Tidak,Aktif
346,42,L,Menikah,S1,PNS,7065000,22,18869000,12,12,4,0,0,0.296,4400000,379000,0,Makassar,100000,Biasa,Tidak,1420000,Ya,Pasif
347,25,P,Belum Menikah,S1,Buruh,2836000,6,6832000,12,11,0,0,0,0.23,300000,164000,1,Makassar,50000,Calon,Ya,3334000,Tidak,Aktif
348,55,P,Menikah,SMA,PNS,8343000,55,14589000,12,11,3,2,1,0.307,8250000,983000,0,Palembang,100000,Biasa,Tidak,1698000,Ya,Pasif
349,34,L,Belum Menikah,S2,PNS,7869000,104,38884000,24,12,1,1,0,0.398,15600000,3139000,0,Yogyakarta,100000,Biasa,Ya,2654000,Ya,Aktif
350,47,L,Belum Menikah,SMA,Perawat,4480000,14,20373000,24,12,0,1,0,0.246,1400000,218000,0,Palembang,100000,Biasa,Ya,4401000,Ya,Aktif
351,28,L,Menikah,SMA,UMKM,4023000,18,15846000,24,13,1,2,1,0.257,1800000,607000,1,Bandung,100000,Biasa,Ya,6438000,Tidak,Aktif
352,41,P,Menikah,S2,Wiraswasta,9676000,60,20390000,12,11,2,3,1,0.224,12000000,1201000,0,Semarang,100000,Biasa,Ya,9119000,Tidak,Aktif
353,34,P,Menikah,S1,PNS,11269000,64,73022000,36,13,3,0,0,0.279,12800000,1729000,0,Jakarta,100000,Biasa,Ya,24750000,Ya,Aktif
354,41,L,Menikah,S2,Karyawan Swasta,11875000,50,45472000,12,11,3,2,0,0.45,10000000,390000,0,Jakarta,100000,Biasa,Tidak,3302000,Ya,Pasif
355,32,P,Menikah,D3,Perawat,3385000,50,15621000,36,12,2,2,1,0.168,5000000,276000,0,Semarang,100000,Biasa,Ya,3989000,Tidak,Aktif
356,39,P,Belum Menikah,SMA,UMKM,6008000,56,26063000,36,13,0,1,0,0.172,5600000,1966000,0,Jakarta,100000,Biasa,Tidak,4709000,Ya,Aktif
357,33,P,Belum Menikah,SMA,Nelayan,2695000,54,11968000,24,12,0,1,0,0.301,2700000,996000,0,Medan,100000,Biasa,Ya,2666000,Ya,Aktif
358,30,P,Belum Menikah,D3,Nelayan,2835000,41,18577000,48,13,0,0,0,0.197,2050000,100000,0,Surabaya,100000,Biasa,Ya,696000,Tidak,Aktif
359,24,L,Belum Menikah,S2,Guru,5964000,13,27678000,36,13,1,0,0,0.17,1950000,147000,0,Semarang,100000,Biasa,Tidak,0,Ya,Pasif
360,45,L,Menikah,SMA,Karyawan Swasta,6805000,18,13015000,12,11,0,1,0,0.197,2700000,562000,0,Bandung,100000,Biasa,Tidak,2575000,Ya,Pasif
361,46,P,Menikah,S1,Guru,5247000,102,28253000,24,12,0,1,0,0.293,10200000,1690000,0,Palembang,100000,Biasa,Tidak,1644000,Ya,Aktif
362,40,P,Menikah,SMA,Nelayan,2606000,82,11279000,36,13,2,2,1,0.175,4100000,471000,0,Semarang,100000,Biasa,Ya,1572000,Tidak,Aktif
363,34,P,Belum Menikah,SMA,Nelayan,2722000,34,5083000,12,11,0,1,0,0.177,1700000,173000,0,Yogyakarta,100000,Biasa,Ya,1606000,Tidak,Aktif
364,34,P,Belum Menikah,SMA,UMKM,5599000,28,6073000,12,11,0,1,1,0.125,1400000,145000,0,Jakarta,100000,Biasa,Tidak,365000,Tidak,Pasif
365,45,P,Menikah,S1,UMKM,4520000,19,26914000,60,13,3,0,0,0.186,1900000,298000,1,Makassar,100000,Biasa,Tidak,3597000,Tidak,Pasif
366,29,L,Belum Menikah,SMA,Wiraswasta,6711000,71,34075000,48,13,2,0,0,0.169,10650000,1873000,0,Surabaya,100000,Biasa,Tidak,4718000,Tidak,Aktif
367,31,P,Belum Menikah,SMA,Nelayan,3003000,62,17783000,48,12,0,1,0,0.164,3100000,670000,0,Medan,100000,Biasa,Ya,911000,Tidak,Aktif
368,37,P,Belum Menikah,S1,PNS,8409000,15,51117000,60,13,0,1,0,0.162,3000000,818000,0,Yogyakarta,100000,Biasa,Tidak,1162000,Ya,Pasif
369,34,P,Menikah,SMA,Nelayan,2556000,48,10347000,24,13,2,0,0,0.234,2400000,353000,1,Yogyakarta,100000,Biasa,Ya,4571000,Tidak,Aktif
370,32,L,Belum Menikah,SMA,Karyawan Swasta,5279000,54,24020000,36,13,1,2,1,0.188,2700000,850000,0,Makassar,100000,Biasa,Ya,4028000,Tidak,Aktif
371,29,L,Belum Menikah,S1,Pedagang,6169000,49,29047000,36,12,0,0,0,0.193,7350000,359000,0,Bandung,100000,Biasa,Ya,4290000,Tidak,Aktif
372,49,L,Menikah,S1,UMKM,5369000,8,23363000,24,13,1,0,0,0.289,800000,276000,1,Surabaya,75000,Calon,Tidak,1942000,Ya,Aktif
373,25,P,Belum Menikah,SMA,Wiraswasta,4341000,18,15594000,48,14,2,0,0,0.178,1800000,105000,1,Palembang,100000,Biasa,Ya,542000,Tidak,Pasif
374,31,P,Belum Menikah,S1,Guru,8668000,5,28842000,48,13,0,0,0,0.106,1000000,236000,0,Makassar,75000,Calon,Ya,3314000,Ya,Aktif
375,27,L,Belum Menikah,D3,UMKM,2865000,18,9658000,12,12,1,0,0,0.396,900000,109000,1,Yogyakarta,100000,Biasa,Tidak,0,Tidak,Pasif
376,33,P,Belum Menikah,S1,Wiraswasta,8422000,76,54416000,48,13,1,1,0,0.204,11400000,2806000,0,Medan,100000,Biasa,Ya,5188000,Tidak,Aktif
377,41,L,Menikah,S1,Wiraswasta,11281000,30,75168000,24,12,1,1,1,0.339,6000000,998000,0,Yogyakarta,100000,Biasa,Tidak,1961000,Tidak,Pasif
378,25,L,Belum Menikah,SMA,Nelayan,9616000,8,48686000,48,13,0,3,0,0.157,1600000,513000,0,Medan,100000,Calon,Tidak,1687000,Tidak,Aktif
379,50,P,Menikah,SMA,Nelayan,3050000,10,6663000,12,11,2,3,0,0.235,1000000,419000,0,Medan,100000,Calon,Ya,1997000,Tidak,Aktif
380,65,L,Menikah,SMA,Perawat,5605000,114,30182000,24,12,3,1,0,0.29,11400000,376000,0,Palembang,100000,Biasa,Ya,4612000,Tidak,Aktif
381,45,P,Menikah,SMA,Wiraswasta,5945000,34,20108000,48,14,3,3,2,0.136,3400000,1200000,1,Surabaya,100000,Biasa,Ya,4671000,Tidak,Aktif
382,48,L,Belum Menikah,S1,Guru,6951000,13,9806000,12,11,0,0,0,0.139,1950000,611000,0,Semarang,100000,Biasa,Ya,807000,Ya,Aktif
383,33,L,Belum Menikah,S1,Pedagang,4692000,25,21687000,36,13,1,5,2,0.186,3750000,551000,1,Semarang,100000,Biasa,Ya,1015000,Tidak,Aktif
384,34,L,Belum Menikah,SMA,Wiraswasta,4269000,37,7156000,12,10,1,1,0,0.173,1850000,548000,0,Palembang,100000,Biasa,Ya,273000,Tidak,Aktif
385,35,L,Menikah,S1,UMKM,5261000,35,15522000,24,12,2,1,1,0.198,3500000,1054000,0,Semarang,100000,Biasa,Tidak,1745000,Tidak,Aktif
386,41,P,Menikah,SMA,Buruh,2506000,40,6802000,12,11,4,1,0,0.282,4000000,346000,1,Semarang,100000,Biasa,Tidak,240000,Tidak,Pasif
387,40,L,Belum Menikah,S1,Wiraswasta,14240000,43,49033000,24,12,0,1,0,0.206,8600000,664000,1,Jakarta,100000,Biasa,Tidak,1164000,Tidak,Pasif
388,47,L,Menikah,SMA,Buruh,2835000,35,16052000,60,15,1,2,0,0.16,1750000,100000,1,Semarang,100000,Biasa,Tidak,1396000,Tidak,Pasif
389,28,L,Belum Menikah,SMA,Karyawan Swasta,4627000,31,20367000,36,12,0,0,0,0.17,3100000,319000,0,Makassar,100000,Biasa,Ya,3130000,Ya,Aktif
390,31,L,Belum Menikah,SMA,Nelayan,2622000,64,20177000,60,13,0,1,0,0.183,3200000,847000,0,Semarang,100000,Biasa,Ya,3462000,Tidak,Aktif
391,29,L,Belum Menikah,D3,Pedagang,5613000,40,31849000,36,13,0,0,0,0.25,6000000,469000,0,Bandung,100000,Biasa,Ya,854000,Tidak,Pasif
392,28,P,Belum Menikah,S1,Karyawan Swasta,7940000,44,75893000,48,12,1,2,2,0.278,6600000,842000,0,Bandung,100000,Biasa,Tidak,5793000,Ya,Aktif
393,28,P,Belum Menikah,S1,PNS,3760000,21,15655000,24,12,1,0,0,0.281,2100000,293000,1,Yogyakarta,100000,Biasa,Tidak,1135000,Ya,Aktif
394,35,P,Menikah,SMA,Pedagang,4350000,79,15465000,24,12,1,1,0,0.198,7900000,367000,1,Makassar,100000,Biasa,Tidak,3338000,Tidak,Pasif
395,36,P,Menikah,SMA,Nelayan,2552000,35,5033000,12,11,4,1,0,0.212,1750000,467000,0,Medan,100000,Biasa,Tidak,930000,Tidak,Aktif
396,31,L,Belum Menikah,S1,Wiraswasta,12894000,4,31476000,12,12,0,1,1,0.229,600000,747000,1,Jakarta,100000,Calon,Ya,1652000,Tidak,Pasif
397,43,L,Belum Menikah,S1,Perawat,7329000,107,42328000,24,12,0,2,1,0.328,21400000,800000,0,Makassar,100000,Biasa,Ya,3865000,Ya,Aktif
398,29,L,Belum Menikah,S2,Karyawan Swasta,7198000,41,12338000,12,11,2,1,0,0.186,6150000,861000,0,Medan,100000,Biasa,Ya,5618000,Ya,Aktif
399,44,L,Belum Menikah,D3,Buruh,4757000,118,33161000,48,13,0,1,1,0.207,11800000,3201000,0,Jakarta,100000,Biasa,Ya,1314000,Tidak,Aktif
400,32,L,Menikah,SMA,UMKM,4271000,30,18499000,24,12,2,0,0,0.221,3000000,366000,1,Jakarta,100000,Biasa,Ya,3723000,Tidak,Aktif
401,28,L,Belum Menikah,SMA,Nelayan,2678000,23,16648000,48,13,0,0,0,0.18,2300000,336000,1,Semarang,100000,Biasa,Ya,504000,Tidak,Aktif
402,31,P,Belum Menikah,D3,PNS,5890000,17,19263000,12,12,0,1,0,0.299,2550000,849000,0,Makassar,100000,Biasa,Ya,4191000,Ya,Aktif
403,36,L,Menikah,S1,PNS,6978000,19,37145000,36,12,1,0,0,0.195,2850000,211000,0,Semarang,100000,Biasa,Tidak,0,Ya,Pasif
404,34,P,Belum Menikah,SMA,Pedagang,5048000,27,10819000,12,12,0,1,0,0.21,2700000,213000,0,Yogyakarta,100000,Biasa,Tidak,2680000,Tidak,Aktif
405,36,L,Menikah,S1,Karyawan Swasta,5274000,14,15227000,24,12,0,0,0,0.146,700000,100000,0,Yogyakarta,100000,Biasa,Tidak,248000,Tidak,Pasif
406,31,L,Menikah,SMA,Petani,2515000,6,9350000,24,13,1,0,0,0.235,300000,100000,1,Medan,25000,Calon,Ya,717000,Tidak,Pasif
407,44,L,Menikah,S1,UMKM,6191000,62,40091000,48,14,3,1,2,0.244,6200000,1247000,1,Makassar,100000,Biasa,Ya,2198000,Tidak,Aktif
408,56,P,Menikah,SMA,Karyawan Swasta,3940000,76,43340000,60,13,0,1,1,0.26,7600000,582000,1,Makassar,100000,Biasa,Ya,3829000,Tidak,Aktif
409,41,P,Belum Menikah,SMA,Pedagang,5514000,46,10447000,12,10,0,0,0,0.194,4600000,234000,0,Bandung,100000,Biasa,Tidak,1201000,Tidak,Pasif
410,38,L,Menikah,SMA,Petani,3019000,3,8810000,24,12,1,0,0,0.182,300000,426000,0,Medan,75000,Calon,Ya,1080000,Tidak,Aktif
411,48,P,Menikah,S1,Pedagang,11878000,32,69359000,24,12,3,1,0,0.325,6400000,1182000,0,Palembang,100000,Biasa,Ya,2347000,Tidak,Aktif
412,49,P,Menikah,S1,PNS,9424000,4,25872000,48,12,3,1,0,0.128,600000,476000,0,Surabaya,100000,Calon,Ya,1019000,Ya,Aktif
413,33,P,Menikah,S2,Karyawan Swasta,7383000,33,41172000,36,13,3,3,2,0.223,4950000,379000,1,Bandung,100000,Biasa,Ya,8559000,Ya,Aktif
414,32,L,Belum Menikah,SMA,Wiraswasta,6519000,80,36683000,36,12,1,1,0,0.201,16000000,2017000,0,Medan,100000,Biasa,Ya,7997000,Tidak,Aktif
415,35,L,Menikah,D3,Karyawan Swasta,7480000,46,58550000,60,12,3,0,0,0.253,6900000,1392000,0,Yogyakarta,100000,Biasa,Ya,2152000,Ya,Aktif
416,36,P,Belum Menikah,S1,Pedagang,8310000,15,21912000,12,11,0,2,1,0.273,2250000,381000,0,Surabaya,100000,Biasa,Tidak,2526000,Tidak,Pasif
417,38,L,Belum Menikah,D3,UMKM,4482000,30,12506000,12,11,1,2,0,0.355,3000000,589000,0,Surabaya,100000,Biasa,Ya,2515000,Tidak,Aktif
418,30,P,Belum Menikah,S2,Pedagang,10511000,25,55621000,60,14,2,2,0,0.193,5000000,710000,1,Jakarta,100000,Biasa,Ya,9911000,Tidak,Aktif
419,36,L,Belum Menikah,S1,Karyawan Swasta,7590000,83,83490000,60,14,0,1,0,0.261,16600000,1756000,0,Palembang,100000,Biasa,Tidak,8151000,Ya,Aktif
420,36,L,Belum Menikah,SMA,Petani,2721000,68,12289000,24,12,1,3,1,0.243,6800000,418000,0,Palembang,100000,Biasa,Ya,0,Ya,Pasif
421,29,L,Menikah,S1,Pedagang,5815000,86,10435000,12,11,2,0,0,0.24,8600000,706000,1,Makassar,100000,Biasa,Ya,5282000,Tidak,Aktif
422,30,L,Belum Menikah,D3,Wiraswasta,5387000,61,11650000,12,12,0,1,0,0.231,6100000,516000,0,Yogyakarta,100000,Biasa,Ya,4375000,Tidak,Aktif
423,36,L,Menikah,SMA,Perawat,4442000,48,7679000,12,12,1,2,0,0.213,4800000,748000,0,Medan,100000,Biasa,Ya,2683000,Ya,Aktif
424,30,P,Belum Menikah,SMA,Buruh,2533000,83,18183000,60,15,1,1,0,0.22,4150000,465000,0,Surabaya,100000,Biasa,Ya,2286000,Tidak,Aktif
425,43,L,Menikah,SMA,Guru,5357000,32,10547000,12,11,2,1,0,0.299,4800000,100000,0,Surabaya,100000,Biasa,Tidak,698000,Ya,Pasif
426,64,L,Menikah,SMA,Karyawan Swasta,6189000,88,13220000,24,12,2,0,0,0.147,17600000,567000,0,Jakarta,100000,Biasa,Tidak,2470000,Ya,Pasif
427,49,L,Menikah,SMA,UMKM,5343000,101,9260000,12,11,1,3,1,0.165,10100000,1908000,0,Palembang,100000,Biasa,Ya,6856000,Tidak,Aktif
428,40,P,Belum Menikah,D3,UMKM,5111000,61,26011000,36,13,0,0,0,0.187,3050000,914000,0,Makassar,100000,Biasa,Tidak,3908000,Tidak,Aktif
429,39,P,Belum Menikah,S1,Guru,6503000,10,20823000,24,11,0,1,0,0.163,2000000,1404000,0,Palembang,50000,Calon,Ya,1527000,Ya,Aktif
430,34,L,Belum Menikah,SMA,Buruh,3133000,81,5726000,12,11,1,1,0,0.178,4050000,638000,0,Surabaya,100000,Biasa,Ya,2660000,Tidak,Aktif
431,41,L,Belum Menikah,SMA,Buruh,2539000,41,8273000,24,12,0,1,0,0.17,2050000,110000,0,Medan,100000,Biasa,Tidak,1181000,Tidak,Aktif
432,30,L,Belum Menikah,S1,Nelayan,2748000,27,10404000,24,12,0,0,0,0.208,1350000,678000,0,Makassar,100000,Biasa,Ya,891000,Tidak,Aktif
433,33,P,Menikah,D3,Pedagang,4395000,4,18480000,48,14,1,0,0,0.162,600000,190000,0,Semarang,50000,Calon,Ya,1675000,Tidak,Aktif
434,38,P,Belum Menikah,SMA,Pedagang,7520000,61,38414000,24,11,0,0,0,0.27,9150000,1141000,0,Makassar,100000,Biasa,Ya,11609000,Tidak,Aktif
435,49,L,Menikah,S2,Buruh,3051000,28,9337000,36,13,2,1,0,0.159,1400000,116000,0,Surabaya,100000,Biasa,Ya,1346000,Tidak,Pasif
436,36,L,Menikah,S1,UMKM,5168000,45,22669000,36,13,1,1,0,0.166,4500000,1082000,1,Yogyakarta,100000,Biasa,Ya,2469000,Tidak,Aktif
437,34,P,Belum Menikah,SMA,Nelayan,2913000,80,19101000,48,14,0,4,3,0.188,4000000,710000,0,Yogyakarta,100000,Biasa,Tidak,1330000,Tidak,Aktif
438,35,L,Belum Menikah,SMA,UMKM,4553000,52,8112000,12,11,2,0,0,0.212,5200000,861000,0,Bandung,100000,Biasa,Tidak,5299000,Tidak,Aktif
439,33,L,Belum Menikah,SMA,PNS,5859000,47,22613000,48,13,0,0,0,0.157,4700000,669000,0,Medan,100000,Biasa,Tidak,583000,Ya,Pasif
440,35,P,Belum Menikah,SMA,Karyawan Swasta,5601000,15,17397000,24,12,0,1,0,0.157,1500000,452000,0,Bandung,100000,Biasa,Ya,6117000,Ya,Aktif
441,43,P,Menikah,SMA,Pedagang,5889000,52,26048000,48,13,3,2,1,0.199,10400000,698000,0,Medan,100000,Biasa,Ya,4439000,Tidak,Aktif
442,33,L,Belum Menikah,D3,Petani,4207000,9,6947000,12,12,0,1,1,0.171,900000,100000,1,Jakarta,100000,Calon,Tidak,0,Tidak,Pasif
443,34,P,Menikah,SMA,UMKM,4734000,31,19872000,24,12,1,1,0,0.289,3100000,214000,1,Jakarta,100000,Biasa,Tidak,886000,Tidak,Pasif
444,43,P,Menikah,D3,Pedagang,10237000,34,112607000,60,14,4,1,1,0.304,6800000,1791000,0,Bandung,100000,Biasa,Ya,5873000,Tidak,Aktif
445,39,L,Belum Menikah,S2,Guru,7470000,127,62021000,36,12,0,0,0,0.298,19050000,3218000,0,Medan,100000,Biasa,Ya,5333000,Ya,Aktif
446,43,L,Menikah,S2,Pedagang,9127000,100,64206000,60,14,1,1,0,0.197,20000000,1242000,0,Semarang,100000,Biasa,Tidak,2948000,Tidak,Pasif
447,32,P,Belum Menikah,SMA,Karyawan Swasta,4704000,12,12074000,12,11,0,0,0,0.247,1200000,338000,1,Bandung,100000,Biasa,Ya,1267000,Tidak,Aktif
448,28,P,Belum Menikah,SMA,Pedagang,4651000,56,13134000,12,11,2,0,0,0.364,5600000,792000,0,Surabaya,100000,Biasa,Ya,6334000,Tidak,Aktif
449,25,P,Menikah,S2,Pedagang,6307000,51,16219000,24,12,0,2,2,0.141,10200000,470000,0,Palembang,100000,Biasa,Tidak,3535000,Tidak,Pasif
450,51,L,Menikah,D3,Petani,3357000,28,26980000,36,12,2,0,0,0.372,1400000,414000,1,Makassar,100000,Biasa,Tidak,185000,Tidak,Pasif
451,44,L,Menikah,SMA,Nelayan,2607000,60,5805000,12,10,4,1,0,0.237,3000000,223000,1,Medan,100000,Biasa,Tidak,1007000,Tidak,Pasif
452,31,P,Belum Menikah,S1,PNS,6563000,35,35113000,48,13,0,1,1,0.149,5250000,426000,0,Surabaya,100000,Biasa,Ya,1797000,Tidak,Aktif
453,42,P,Menikah,D3,Wiraswasta,7919000,7,27500000,24,11,0,0,0,0.171,1050000,100000,0,Yogyakarta,100000,Calon,Tidak,2017000,Tidak,Pasif
454,47,P,Belum Menikah,S1,UMKM,5320000,77,24069000,36,12,0,1,0,0.176,7700000,576000,0,Medan,100000,Biasa,Ya,1806000,Tidak,Aktif
455,35,L,Menikah,S1,Karyawan Swasta,9482000,18,40890000,36,13,0,0,0,0.164,3600000,873000,0,Yogyakarta,100000,Biasa,Tidak,10084000,Ya,Aktif
456,34,P,Belum Menikah,SMA,Petani,2614000,21,9085000,36,13,0,2,1,0.146,1050000,111000,0,Semarang,100000,Biasa,Tidak,920000,Tidak,Aktif
457,44,L,Menikah,D3,PNS,8034000,101,48642000,36,12,4,4,0,0.315,20200000,2281000,0,Jakarta,100000,Biasa,Ya,8701000,Ya,Aktif
458,33,P,Menikah,S1,Guru,5901000,47,20552000,24,12,1,1,1,0.199,4700000,497000,0,Medan,100000,Biasa,Tidak,5017000,Ya,Pasif
459,32,P,Belum Menikah,S1,Pedagang,6237000,24,26421000,36,12,0,0,0,0.149,2400000,412000,1,Palembang,100000,Biasa,Ya,2858000,Tidak,Aktif
460,44,L,Menikah,SMA,PNS,7933000,19,30950000,24,11,4,0,0,0.28,3800000,107000,1,Bandung,100000,Biasa,Tidak,2007000,Ya,Pasif
461,30,L,Belum Menikah,D3,UMKM,3410000,8,9916000,36,12,1,0,0,0.207,400000,145000,1,Medan,50000,Calon,Tidak,197000,Tidak,Pasif
462,32,L,Belum Menikah,D3,Buruh,3151000,4,7010000,12,12,0,2,5,0.225,200000,346000,1,Medan,25000,Calon,Ya,4184000,Tidak,Aktif
463,28,L,Menikah,SMA,Petani,2509000,21,7970000,24,12,0,0,0,0.159,1050000,314000,1,Semarang,100000,Biasa,Ya,3101000,Tidak,Aktif
464,28,L,Belum Menikah,SMA,UMKM,2567000,22,3995000,12,10,0,0,0,0.148,1100000,100000,1,Semarang,100000,Biasa,Tidak,0,Tidak,Pasif
465,36,P,Belum Menikah,SMA,Buruh,2698000,36,12543000,36,13,0,0,0,0.19,1800000,296000,0,Jakarta,100000,Biasa,Ya,2516000,Tidak,Aktif
466,35,P,Belum Menikah,SMA,UMKM,3176000,67,24424000,48,13,2,1,2,0.219,3350000,309000,0,Semarang,100000,Biasa,Ya,4048000,Tidak,Aktif
467,30,L,Belum Menikah,SMA,UMKM,3220000,78,20510000,24,11,1,0,0,0.345,3900000,2013000,0,Bandung,100000,Biasa,Ya,5637000,Tidak,Aktif
468,27,L,Belum Menikah,SMA,PNS,5349000,26,16599000,24,11,0,1,0,0.176,2600000,687000,0,Palembang,100000,Biasa,Ya,4604000,Ya,Aktif
469,65,P,Menikah,SMA,Perawat,5379000,23,42667000,36,11,3,1,0,0.341,2300000,384000,0,Yogyakarta,100000,Biasa,Ya,901000,Tidak,Aktif
470,29,P,Belum Menikah,D3,UMKM,6192000,20,40540000,60,14,1,1,0,0.198,3000000,185000,0,Jakarta,100000,Biasa,Ya,3191000,Tidak,Aktif
471,26,P,Belum Menikah,SMA,Petani,2655000,53,4221000,12,11,0,0,0,0.154,2650000,182000,0,Palembang,100000,Biasa,Ya,1385000,Tidak,Pasif
472,41,P,Belum Menikah,SMA,Buruh,2898000,22,10659000,36,13,1,0,0,0.164,1100000,112000,0,Makassar,100000,Biasa,Tidak,514000,Tidak,Pasif
473,29,P,Belum Menikah,S1,Petani,2716000,66,10375000,24,13,0,2,0,0.207,3300000,459000,0,Bandung,100000,Biasa,Ya,1252000,Tidak,Aktif
474,48,L,Menikah,S1,Karyawan Swasta,9797000,28,30644000,24,13,2,2,2,0.255,4200000,591000,0,Jakarta,100000,Biasa,Ya,6038000,Tidak,Aktif
475,31,L,Menikah,D3,Karyawan Swasta,5340000,34,28928000,48,13,2,1,2,0.165,3400000,514000,0,Medan,100000,Biasa,Ya,2524000,Ya,Aktif
476,37,P,Belum Menikah,S1,Petani,3690000,54,8701000,24,12,1,1,0,0.122,2700000,567000,0,Makassar,100000,Biasa,Tidak,2343000,Tidak,Aktif
477,32,L,Menikah,SMA,Pedagang,5694000,40,12014000,24,13,1,1,0,0.227,6000000,1504000,1,Jakarta,100000,Biasa,Ya,2753000,Tidak,Aktif
478,33,L,Menikah,S1,Karyawan Swasta,7185000,44,30906000,24,12,2,0,0,0.233,6600000,1792000,0,Semarang,100000,Biasa,Ya,504000,Tidak,Aktif
479,34,P,Menikah,S1,Karyawan Swasta,6733000,27,30855000,36,12,1,1,0,0.166,4050000,1335000,0,Semarang,100000,Biasa,Ya,3499000,Ya,Aktif
480,44,L,Menikah,D3,Karyawan Swasta,6944000,99,26435000,36,13,0,0,0,0.17,9900000,5255000,0,Yogyakarta,100000,Biasa,Ya,4893000,Ya,Aktif
481,34,L,Belum Menikah,SMA,Wiraswasta,6471000,92,20702000,36,13,0,2,2,0.115,9200000,625000,0,Medan,100000,Biasa,Ya,3049000,Tidak,Aktif
482,42,P,Menikah,S1,Buruh,4940000,14,23922000,36,12,3,0,0,0.294,1400000,552000,1,Jakarta,100000,Biasa,Ya,1741000,Tidak,Aktif
483,34,P,Belum Menikah,SMA,Karyawan Swasta,4283000,69,25698000,36,12,0,1,1,0.224,6900000,794000,1,Palembang,100000,Biasa,Tidak,3435000,Tidak,Aktif
484,33,L,Menikah,S1,Karyawan Swasta,5736000,33,27602000,24,12,2,0,0,0.259,4950000,303000,0,Semarang,100000,Biasa,Ya,6368000,Ya,Aktif
485,39,P,Belum Menikah,S2,Karyawan Swasta,7344000,55,15962000,12,10,0,0,0,0.211,8250000,1375000,0,Semarang,100000,Biasa,Ya,2280000,Ya,Aktif
486,34,P,Menikah,S1,Petani,3105000,77,10816000,24,13,2,2,3,0.2,3850000,206000,1,Medan,100000,Biasa,Tidak,837000,Tidak,Pasif
487,31,P,Menikah,S2,PNS,9853000,54,28249000,24,12,3,1,2,0.209,10800000,921000,0,Bandung,100000,Biasa,Ya,1165000,Ya,Pasif
488,30,L,Belum Menikah,S1,UMKM,7221000,90,74751000,60,13,1,1,1,0.314,13500000,923000,0,Jakarta,100000,Biasa,Ya,5240000,Tidak,Aktif
489,31,L,Belum Menikah,SMA,Nelayan,2531000,39,10936000,36,12,0,1,1,0.173,3900000,234000,0,Bandung,100000,Biasa,Tidak,1086000,Ya,Aktif
490,32,P,Belum Menikah,SMA,Karyawan Swasta,5897000,17,14430000,12,11,0,1,0,0.247,1700000,443000,1,Makassar,100000,Biasa,Ya,1486000,Tidak,Aktif
491,37,L,Menikah,SMA,Buruh,2688000,40,29137000,48,13,3,0,0,0.346,2000000,279000,1,Makassar,100000,Biasa,Ya,3322000,Tidak,Aktif
492,64,L,Menikah,SMA,Nelayan,4157000,66,20483000,36,13,4,2,2,0.192,6600000,172000,1,Jakarta,100000,Biasa,Tidak,1407000,Tidak,Aktif
493,27,P,Belum Menikah,SMA,Buruh,2743000,8,6108000,12,11,0,0,0,0.215,400000,395000,0,Palembang,25000,Calon,Tidak,912000,Tidak,Aktif
494,36,P,Menikah,SMA,Buruh,2798000,21,16097000,48,12,3,2,0,0.185,1050000,250000,0,Medan,100000,Biasa,Tidak,384000,Tidak,Pasif
495,28,P,Belum Menikah,SMA,Karyawan Swasta,2792000,37,25554000,48,13,1,2,1,0.299,1850000,801000,1,Palembang,100000,Biasa,Tidak,1265000,Ya,Aktif
496,31,L,Belum Menikah,SMA,Buruh,2771000,44,12568000,24,13,0,3,2,0.227,4400000,238000,1,Makassar,100000,Biasa,Tidak,540000,Tidak,Pasif
497,34,L,Menikah,S1,Perawat,4289000,77,39074000,36,12,3,3,1,0.41,7700000,625000,1,Yogyakarta,100000,Biasa,Ya,4194000,Ya,Aktif
498,26,L,Menikah,SMA,Pedagang,3414000,18,12344000,24,12,0,1,0,0.198,900000,307000,0,Palembang,100000,Biasa,Ya,1267000,Tidak,Aktif
499,35,L,Belum Menikah,S1,Pedagang,11660000,99,37913000,24,13,1,1,1,0.178,19800000,1689000,0,Surabaya,100000,Biasa,Ya,8943000,Tidak,Aktif
500,59,P,Menikah,S2,Karyawan Swasta,9793000,107,38914000,36,12,2,2,0,0.162,21400000,2480000,0,Yogyakarta,100000,Biasa,Tidak,7325000,Ya,Aktif
501,52,P,Menikah,SMA,Petani,3787000,78,13154000,36,12,3,4,0,0.204,7800000,2636000,0,Bandung,100000,Biasa,Ya,1868000,Tidak,Aktif
502,34,P,Belum Menikah,S1,PNS,7708000,4,27051000,24,11,0,1,0,0.172,600000,716000,1,Jakarta,75000,Calon,Ya,2601000,Ya,Aktif
503,39,P,Menikah,SMA,Buruh,3226000,22,21608000,60,13,3,1,0,0.257,1100000,118000,0,Medan,100000,Biasa,Tidak,0,Tidak,Pasif
504,39,P,Menikah,S1,PNS,8924000,120,49100000,24,12,0,2,3,0.27,24000000,3465000,0,Medan,100000,Biasa,Tidak,3836000,Ya,Aktif
505,33,P,Belum Menikah,D3,Buruh,3020000,37,16904000,36,13,0,0,0,0.209,1850000,148000,0,Medan,100000,Biasa,Ya,2065000,Tidak,Aktif
506,38,P,Menikah,SMA,PNS,4556000,11,6338000,12,11,2,1,1,0.153,1100000,856000,1,Makassar,75000,Calon,Ya,4282000,Ya,Aktif
507,36,P,Belum Menikah,S1,UMKM,4840000,41,21943000,60,13,0,0,0,0.114,4100000,875000,0,Semarang,100000,Biasa,Tidak,3317000,Tidak,Aktif
508,36,L,Menikah,S1,Guru,11421000,40,54322000,60,13,1,1,1,0.132,6000000,601000,0,Jakarta,100000,Biasa,Tidak,982000,Ya,Pasif
509,31,L,Menikah,S1,Guru,5119000,67,35786000,24,12,1,1,1,0.376,3350000,424000,1,Palembang,100000,Biasa,Ya,3260000,Ya,Pasif
510,31,P,Belum Menikah,D3,Karyawan Swasta,5586000,32,34284000,24,12,0,1,1,0.3,3200000,504000,1,Yogyakarta,100000,Biasa,Ya,6241000,Ya,Aktif
511,40,L,Belum Menikah,S2,Guru,8863000,85,15301000,12,11,1,1,0,0.158,17000000,710000,0,Palembang,100000,Biasa,Tidak,1552000,Ya,Pasif
512,51,L,Belum Menikah,S2,PNS,12980000,46,59464000,24,12,0,2,2,0.225,9200000,1549000,0,Yogyakarta,100000,Biasa,Ya,7356000,Ya,Aktif
513,41,P,Menikah,S1,Guru,6133000,57,15130000,24,11,1,3,0,0.127,8550000,1886000,0,Yogyakarta,100000,Biasa,Ya,9012000,Ya,Aktif
514,34,L,Belum Menikah,S2,PNS,6123000,38,17172000,24,11,0,0,0,0.163,3800000,535000,0,Semarang,100000,Biasa,Ya,9617000,Ya,Aktif
515,55,L,Menikah,D3,Buruh,3598000,59,21874000,48,13,3,2,1,0.209,2950000,1073000,0,Jakarta,100000,Biasa,Ya,4009000,Ya,Aktif
516,36,P,Menikah,SMA,Buruh,3267000,101,26524000,48,14,4,1,1,0.274,5050000,446000,0,Makassar,100000,Biasa,Ya,599000,Tidak,Pasif
517,27,L,Belum Menikah,D3,Karyawan Swasta,4222000,49,19753000,48,13,0,5,2,0.144,4900000,313000,1,Palembang,100000,Biasa,Tidak,1514000,Ya,Pasif
518,34,L,Menikah,SMA,UMKM,3139000,19,20565000,36,13,1,1,0,0.235,950000,130000,1,Yogyakarta,100000,Biasa,Ya,175000,Tidak,Aktif
519,38,P,Menikah,SMA,PNS,4097000,13,12705000,12,12,0,2,0,0.285,1950000,225000,0,Palembang,100000,Biasa,Tidak,772000,Ya,Pasif
520,30,P,Menikah,S1,Wiraswasta,7215000,63,14460000,12,11,0,0,0,0.186,9450000,1762000,0,Medan,100000,Biasa,Tidak,8501000,Tidak,Aktif
521,38,L,Menikah,D3,Pedagang,6615000,49,27321000,48,13,2,0,0,0.177,7350000,378000,0,Palembang,100000,Biasa,Ya,7508000,Tidak,Aktif
522,54,P,Menikah,D3,Petani,4059000,57,9117000,12,12,4,1,0,0.268,5700000,1207000,1,Medan,100000,Biasa,Ya,2642000,Tidak,Aktif
523,30,L,Belum Menikah,D3,Nelayan,2596000,71,13102000,24,12,1,0,0,0.288,3550000,595000,1,Surabaya,100000,Biasa,Ya,671000,Tidak,Pasif
524,44,L,Belum Menikah,S2,PNS,13973000,43,57218000,24,12,0,1,1,0.224,8600000,1162000,0,Surabaya,100000,Biasa,Ya,4087000,Ya,Aktif
525,25,P,Belum Menikah,S1,Pedagang,5981000,30,44469000,48,13,0,3,1,0.227,6000000,445000,0,Makassar,100000,Biasa,Ya,3740000,Ya,Aktif
526,36,L,Menikah,SMA,Petani,2651000,63,9102000,24,13,2,1,0,0.182,3150000,324000,1,Yogyakarta,100000,Biasa,Tidak,1007000,Tidak,Aktif
527,40,L,Menikah,SMA,Karyawan Swasta,3871000,36,25520000,48,13,3,0,0,0.209,3600000,979000,0,Palembang,100000,Biasa,Tidak,2723000,Ya,Aktif
528,65,L,Menikah,D3,Perawat,7216000,106,16296000,24,13,4,4,3,0.148,21200000,1679000,0,Palembang,100000,Biasa,Ya,2582000,Tidak,Pasif
529,29,P,Belum Menikah,SMA,Buruh,2721000,27,3089000,12,10,0,1,0,0.125,2700000,593000,0,Bandung,100000,Biasa,Tidak,5934000,Tidak,Aktif
530,48,L,Menikah,S1,UMKM,5601000,13,30447000,24,11,0,0,0,0.283,1950000,214000,0,Yogyakarta,100000,Biasa,Tidak,0,Tidak,Pasif
531,30,P,Belum Menikah,D3,Guru,3609000,36,18984000,24,12,0,0,0,0.259,3600000,242000,0,Semarang,100000,Biasa,Ya,2672000,Ya,Aktif
532,44,L,Menikah,SMA,Perawat,3898000,6,10081000,24,11,2,2,0,0.147,600000,375000,0,Semarang,50000,Calon,Ya,3334000,Ya,Aktif
533,26,L,Menikah,SMA,Pedagang,4361000,30,28644000,48,13,1,3,0,0.22,3000000,200000,0,Surabaya,100000,Biasa,Tidak,4700000,Tidak,Aktif
534,27,L,Belum Menikah,SMA,Petani,2847000,22,15740000,24,12,0,1,0,0.266,1100000,135000,0,Semarang,100000,Biasa,Tidak,1132000,Ya,Aktif
535,33,L,Belum Menikah,SMA,Buruh,2515000,46,8579000,36,13,0,2,0,0.135,2300000,177000,0,Yogyakarta,100000,Biasa,Ya,1783000,Tidak,Aktif
536,33,P,Belum Menikah,S2,Pedagang,11657000,43,16307000,12,10,1,1,1,0.175,8600000,2114000,0,Surabaya,100000,Biasa,Ya,12248000,Tidak,Aktif
537,37,L,Belum Menikah,S1,Karyawan Swasta,8555000,53,53376000,48,13,1,1,1,0.247,10600000,1791000,0,Palembang,100000,Biasa,Ya,1979000,Ya,Aktif
538,37,P,Belum Menikah,D3,Karyawan Swasta,6145000,24,25150000,24,12,1,1,1,0.205,3600000,588000,1,Medan,100000,Biasa,Ya,3909000,Ya,Aktif
539,40,P,Menikah,SMA,Buruh,2946000,79,18354000,24,12,1,1,0,0.332,3950000,408000,1,Palembang,100000,Biasa,Tidak,1635000,Tidak,Aktif
540,24,P,Belum Menikah,SMA,Nelayan,2601000,9,9947000,24,12,1,2,1,0.231,450000,100000,1,Medan,75000,Calon,Ya,3114000,Tidak,Aktif
541,28,P,Belum Menikah,S1,Pedagang,5751000,52,40325000,60,14,0,0,0,0.182,5200000,387000,0,Palembang,100000,Biasa,Tidak,2303000,Tidak,Pasif
542,31,L,Menikah,S1,Wiraswasta,8012000,42,24951000,24,12,3,3,2,0.188,4200000,142000,0,Medan,100000,Biasa,Tidak,0,Tidak,Pasif
543,41,L,Belum Menikah,D3,Perawat,7941000,37,25368000,24,13,0,1,0,0.188,7400000,1733000,0,Jakarta,100000,Biasa,Ya,3335000,Ya,Aktif
544,40,L,Belum Menikah,SMA,Wiraswasta,6506000,52,9663000,12,12,0,0,0,0.189,7800000,927000,0,Palembang,100000,Biasa,Tidak,2820000,Tidak,Aktif
545,49,L,Menikah,SMA,UMKM,3392000,90,37312000,48,13,2,3,1,0.348,4500000,1098000,1,Jakarta,100000,Biasa,Ya,3180000,Tidak,Aktif
546,47,P,Menikah,S2,Perawat,9855000,73,36616000,24,12,1,1,0,0.185,14600000,1165000,0,Surabaya,100000,Biasa,Ya,5147000,Ya,Aktif
547,54,L,Menikah,SMA,Karyawan Swasta,4672000,65,26861000,48,14,3,2,0,0.322,3250000,608000,1,Semarang,100000,Biasa,Tidak,1261000,Ya,Aktif
548,41,L,Belum Menikah,SMA,Karyawan Swasta,7514000,40,17231000,12,12,0,0,0,0.268,6000000,442000,0,Surabaya,100000,Biasa,Tidak,1907000,Ya,Aktif
549,64,P,Menikah,S2,PNS,11667000,26,19884000,12,10,3,0,0,0.315,5200000,1323000,0,Makassar,100000,Biasa,Tidak,4766000,Ya,Pasif
550,46,L,Menikah,S1,UMKM,7363000,65,63593000,48,14,2,1,1,0.264,9750000,858000,0,Semarang,100000,Biasa,Ya,7605000,Tidak,Aktif
551,37,P,Belum Menikah,S1,Perawat,2797000,29,16058000,48,13,0,0,0,0.203,1450000,477000,0,Semarang,100000,Biasa,Tidak,2099000,Ya,Aktif
552,41,L,Menikah,SMA,Nelayan,3473000,127,6854000,12,10,1,1,0,0.22,6350000,926000,0,Surabaya,100000,Biasa,Tidak,2326000,Tidak,Aktif
553,38,P,Menikah,SMA,Buruh,2748000,42,20000000,48,14,0,0,0,0.225,4200000,432000,0,Palembang,100000,Biasa,Ya,2060000,Tidak,Aktif
554,52,L,Menikah,S2,PNS,14500000,120,72630000,36,13,3,1,2,0.261,24000000,7392000,0,Bandung,100000,Biasa,Ya,10329000,Ya,Aktif
555,42,L,Menikah,SMA,Petani,3345000,43,6584000,12,11,3,2,1,0.247,4300000,188000,0,Medan,100000,Biasa,Ya,4442000,Tidak,Aktif
556,55,P,Menikah,SMA,Karyawan Swasta,5678000,63,29473000,36,13,4,0,0,0.284,9450000,820000,1,Palembang,100000,Biasa,Ya,2214000,Ya,Aktif
557,40,P,Menikah,SMA,Wiraswasta,4719000,28,32563000,48,11,1,0,0,0.187,2800000,868000,0,Palembang,100000,Biasa,Ya,5177000,Tidak,Aktif
558,28,P,Belum Menikah,D3,UMKM,4174000,45,17163000,48,13,1,1,0,0.13,4500000,145000,1,Surabaya,100000,Biasa,Ya,2591000,Tidak,Pasif
559,29,L,Menikah,SMA,UMKM,3168000,38,7855000,12,11,2,0,0,0.261,1900000,522000,0,Yogyakarta,100000,Biasa,Ya,2467000,Tidak,Aktif
560,43,L,Menikah,SMA,UMKM,3764000,46,11842000,36,13,4,0,0,0.203,4600000,881000,0,Bandung,100000,Biasa,Ya,2132000,Tidak,Aktif
561,41,L,Belum Menikah,SMA,Karyawan Swasta,6055000,36,29302000,36,12,0,0,0,0.177,3600000,439000,0,Surabaya,100000,Biasa,Tidak,1189000,Ya,Pasif
562,49,P,Menikah,SMA,PNS,5765000,42,30735000,36,12,3,1,0,0.206,4200000,767000,0,Bandung,100000,Biasa,Ya,8918000,Ya,Aktif
563,49,L,Menikah,SMA,Petani,2716000,38,28371000,60,13,3,2,0,0.336,1900000,1235000,1,Medan,100000,Biasa,Ya,2258000,Tidak,Aktif
564,38,P,Menikah,S2,Karyawan Swasta,9881000,15,77439000,36,12,1,3,0,0.292,3000000,549000,0,Bandung,100000,Biasa,Ya,14918000,Ya,Aktif
565,37,L,Belum Menikah,D3,Nelayan,3235000,12,18832000,36,12,1,0,0,0.23,600000,156000,1,Surabaya,100000,Biasa,Ya,2701000,Tidak,Aktif
566,43,P,Menikah,SMA,UMKM,3349000,36,17508000,36,13,2,0,0,0.209,3600000,477000,1,Semarang,100000,Biasa,Tidak,882000,Tidak,Pasif
567,47,L,Menikah,D3,Karyawan Swasta,7297000,59,24420000,12,11,3,0,0,0.438,8850000,2091000,1,Medan,100000,Biasa,Tidak,940000,Ya,Aktif
568,44,P,Menikah,SMA,Karyawan Swasta,3465000,31,7574000,24,12,0,0,0,0.124,1550000,222000,0,Semarang,100000,Biasa,Ya,2638000,Ya,Aktif
569,43,P,Menikah,S2,Wiraswasta,17866000,31,48271000,12,11,3,3,1,0.311,6200000,1151000,1,Makassar,100000,Biasa,Ya,3110000,Tidak,Pasif
570,38,P,Belum Menikah,SMA,Pedagang,5426000,10,27816000,36,13,0,0,0,0.216,1000000,245000,1,Medan,75000,Calon,Tidak,443000,Tidak,Pasif
571,34,P,Menikah,SMA,Pedagang,3976000,34,10980000,24,12,2,0,0,0.184,1700000,826000,0,Yogyakarta,100000,Biasa,Tidak,0,Tidak,Aktif
572,35,P,Menikah,SMA,Petani,3468000,57,9843000,24,12,1,0,0,0.165,2850000,403000,0,Makassar,100000,Biasa,Ya,5160000,Tidak,Aktif
573,45,L,Belum Menikah,SMA,Petani,2744000,33,6289000,24,13,0,1,1,0.115,1650000,351000,0,Surabaya,100000,Biasa,Ya,1375000,Tidak,Aktif
574,33,P,Menikah,S1,Karyawan Swasta,7379000,118,60141000,48,13,0,2,0,0.231,17700000,3979000,0,Palembang,100000,Biasa,Tidak,8148000,Ya,Aktif
575,31,P,Menikah,S1,Karyawan Swasta,5591000,8,32780000,36,12,3,1,0,0.232,800000,590000,0,Yogyakarta,100000,Calon,Tidak,1603000,Ya,Aktif
576,42,P,Menikah,S1,Wiraswasta,10249000,54,13689000,12,11,3,3,2,0.169,10800000,1695000,0,Yogyakarta,100000,Biasa,Ya,8341000,Tidak,Aktif
577,45,P,Menikah,S2,Perawat,11768000,65,75455000,60,13,1,0,0,0.175,13000000,2611000,0,Palembang,100000,Biasa,Ya,8675000,Tidak,Aktif
578,32,P,Menikah,SMA,Wiraswasta,6574000,68,18365000,12,11,2,1,0,0.268,10200000,1262000,1,Bandung,100000,Biasa,Ya,8130000,Tidak,Aktif
579,36,L,Menikah,S1,Pedagang,7632000,74,20880000,24,13,0,1,0,0.168,11100000,984000,0,Bandung,100000,Biasa,Ya,21248000,Tidak,Aktif
580,23,P,Belum Menikah,S1,Perawat,2599000,17,18848000,24,11,0,0,0,0.356,850000,265000,0,Semarang,100000,Biasa,Tidak,1059000,Ya,Pasif
581,39,L,Menikah,SMA,Pedagang,4889000,16,27368000,60,14,0,0,0,0.136,800000,455000,0,Palembang,100000,Biasa,Ya,4541000,Tidak,Aktif
582,42,P,Menikah,SMA,UMKM,3210000,20,18992000,36,13,1,1,0,0.218,1000000,232000,0,Bandung,100000,Biasa,Ya,1078000,Tidak,Pasif
583,39,L,Menikah,S1,Guru,5338000,104,54285000,60,13,4,1,0,0.244,15600000,562000,0,Yogyakarta,100000,Biasa,Ya,5602000,Ya,Aktif
584,31,L,Belum Menikah,D3,Petani,2876000,25,9665000,36,12,0,1,0,0.144,1250000,122000,0,Medan,100000,Biasa,Tidak,1320000,Tidak,Pasif
585,43,L,Menikah,SMA,Wiraswasta,10195000,35,67413000,24,12,4,1,0,0.369,7000000,292000,1,Medan,100000,Biasa,Ya,4850000,Tidak,Aktif
586,55,L,Belum Menikah,SMA,Karyawan Swasta,8054000,62,21465000,24,11,0,0,0,0.146,6200000,2555000,0,Bandung,100000,Biasa,Tidak,6943000,Ya,Aktif
587,32,L,Menikah,SMA,Pedagang,4683000,40,16792000,24,12,2,2,1,0.211,4000000,378000,0,Surabaya,100000,Biasa,Ya,2254000,Tidak,Aktif
588,29,P,Belum Menikah,SMA,Guru,4161000,32,20234000,24,12,0,2,1,0.25,3200000,540000,0,Yogyakarta,100000,Biasa,Tidak,4426000,Ya,Aktif
589,29,P,Belum Menikah,S2,Wiraswasta,8557000,39,53132000,36,13,0,2,0,0.216,7800000,534000,0,Palembang,100000,Biasa,Ya,22982000,Tidak,Aktif
590,48,L,Menikah,S1,Guru,8233000,35,90563000,60,13,1,2,0,0.28,5250000,539000,0,Jakarta,100000,Biasa,Ya,6406000,Ya,Pasif
591,34,L,Menikah,SMA,Guru,5486000,7,23364000,24,12,3,0,0,0.289,700000,262000,1,Bandung,100000,Calon,Ya,2477000,Ya,Aktif
592,41,P,Menikah,SMA,Nelayan,2680000,23,21815000,48,13,0,1,0,0.235,1150000,297000,1,Makassar,100000,Biasa,Ya,1967000,Tidak,Aktif
593,32,P,Belum Menikah,SMA,Pedagang,5137000,106,23450000,36,13,0,1,1,0.17,10600000,3824000,0,Medan,100000,Biasa,Ya,7722000,Tidak,Aktif
594,46,L,Menikah,D3,UMKM,5379000,39,32386000,48,14,2,1,1,0.207,5850000,305000,1,Palembang,100000,Biasa,Ya,3549000,Tidak,Pasif
595,45,L,Menikah,S1,Guru,8207000,41,26524000,24,12,3,2,1,0.317,6150000,355000,0,Makassar,100000,Biasa,Tidak,1543000,Tidak,Pasif
596,38,P,Menikah,S1,PNS,7433000,88,12640000,12,12,4,3,5,0.189,13200000,2957000,0,Medan,100000,Biasa,Ya,13724000,Ya,Aktif
597,33,L,Menikah,D3,Wiraswasta,7000000,15,36405000,24,12,1,2,0,0.292,3000000,195000,1,Yogyakarta,100000,Biasa,Tidak,0,Tidak,Pasif
598,27,L,Belum Menikah,SMA,Karyawan Swasta,4525000,16,22000000,60,13,1,0,0,0.13,800000,100000,0,Jakarta,100000,Biasa,Tidak,0,Ya,Pasif
599,26,L,Belum Menikah,SMA,PNS,4241000,41,34030000,48,13,0,1,0,0.245,6150000,380000,0,Makassar,100000,Biasa,Ya,3441000,Ya,Aktif
600,42,L,Cerai,D3,Guru,5769000,79,24904000,36,12,0,1,0,0.151,7900000,881000,0,Jakarta,100000,Biasa,Ya,3597000,Ya,Aktif
601,39,P,Menikah,SMA,Pedagang,5615000,17,25979000,24,12,1,0,0,0.258,1700000,932000,0,Semarang,100000,Biasa,Ya,6250000,Tidak,Aktif
602,28,L,Belum Menikah,SMA,PNS,4519000,40,32800000,48,13,1,1,0,0.207,4000000,1460000,0,Bandung,100000,Biasa,Ya,5891000,Ya,Aktif
603,39,L,Cerai,SMA,Buruh,2577000,36,13491000,48,13,0,2,0,0.157,3600000,138000,0,Surabaya,100000,Biasa,Ya,230000,Ya,Pasif
604,33,P,Belum Menikah,S1,PNS,6406000,45,29042000,36,12,0,2,0,0.171,6750000,554000,0,Yogyakarta,100000,Biasa,Ya,4987000,Ya,Aktif
605,32,L,Belum Menikah,SMA,Karyawan Swasta,6577000,46,22363000,36,13,0,2,0,0.141,6900000,942000,0,Jakarta,100000,Biasa,Ya,6480000,Tidak,Aktif
606,26,P,Belum Menikah,S1,Karyawan Swasta,4860000,17,10897000,24,12,3,0,0,0.12,1700000,1099000,0,Medan,100000,Biasa,Ya,2540000,Tidak,Aktif
607,54,L,Menikah,D3,Perawat,5690000,55,43031000,60,14,1,1,0,0.283,5500000,683000,0,Medan,100000,Biasa,Tidak,1112000,Ya,Pasif
608,29,L,Belum Menikah,SMA,UMKM,3297000,23,13756000,24,11,0,0,0,0.223,1150000,724000,0,Yogyakarta,100000,Biasa,Tidak,3202000,Tidak,Aktif
609,33,L,Belum Menikah,D3,Buruh,2685000,108,19181000,48,13,0,1,0,0.208,5400000,486000,0,Bandung,100000,Biasa,Tidak,1791000,Tidak,Pasif
610,31,P,Menikah,S2,Karyawan Swasta,9900000,79,26770000,24,11,0,3,0,0.15,15800000,4675000,0,Jakarta,100000,Biasa,Ya,3327000,Ya,Aktif
611,35,P,Menikah,S1,PNS,6368000,31,30124000,24,11,2,1,0,0.263,4650000,480000,0,Medan,100000,Biasa,Tidak,2082000,Ya,Pasif
612,43,L,Menikah,SMA,Karyawan Swasta,5123000,63,32740000,24,11,2,1,0,0.4,6300000,527000,0,Medan,100000,Biasa,Ya,1025000,Ya,Pasif
613,33,P,Belum Menikah,S2,Guru,8887000,71,64958000,36,13,0,0,0,0.251,10650000,754000,0,Yogyakarta,100000,Biasa,Ya,9601000,Ya,Aktif
614,30,L,Belum Menikah,SMA,Nelayan,3324000,30,11823000,36,12,0,1,0,0.162,1500000,342000,0,Jakarta,100000,Biasa,Tidak,0,Tidak,Pasif
615,27,P,Belum Menikah,S1,Karyawan Swasta,5889000,25,58265000,36,13,0,1,1,0.367,5000000,426000,1,Yogyakarta,100000,Biasa,Tidak,814000,Ya,Pasif
616,32,L,Menikah,SMA,Pedagang,7893000,63,52302000,48,14,3,0,0,0.237,9450000,2268000,0,Bandung,100000,Biasa,Ya,4814000,Tidak,Aktif
617,48,P,Menikah,D3,Karyawan Swasta,9202000,160,14637000,12,11,3,4,2,0.195,32000000,3505000,0,Bandung,100000,Biasa,Ya,22226000,Ya,Aktif
618,51,P,Menikah,SMA,PNS,5849000,89,21855000,12,13,3,1,0,0.367,8900000,1968000,1,Makassar,100000,Biasa,Ya,1354000,Ya,Aktif
619,48,P,Menikah,S1,Wiraswasta,8822000,79,10397000,12,12,1,0,0,0.124,15800000,1949000,0,Bandung,100000,Biasa,Ya,5786000,Tidak,Aktif
620,22,L,Belum Menikah,SMA,UMKM,3488000,3,6600000,36,13,0,0,0,0.114,150000,100000,1,Makassar,50000,Calon,Tidak,0,Tidak,Pasif
621,54,P,Menikah,SMA,Nelayan,3397000,13,13425000,48,13,2,0,0,0.171,1300000,387000,0,Makassar,100000,Biasa,Ya,4010000,Tidak,Aktif
622,33,L,Belum Menikah,SMA,Karyawan Swasta,4900000,61,31824000,36,12,0,0,0,0.235,3050000,1240000,0,Surabaya,100000,Biasa,Ya,11117000,Ya,Aktif
623,28,L,Belum Menikah,S1,PNS,5236000,92,31316000,24,12,0,2,0,0.308,4600000,1135000,0,Semarang,100000,Biasa,Ya,874000,Tidak,Aktif
624,25,P,Belum Menikah,S1,Karyawan Swasta,5120000,10,16346000,60,14,1,0,0,0.114,500000,193000,0,Yogyakarta,50000,Calon,Tidak,1993000,Tidak,Pasif
625,48,L,Menikah,SMA,Wiraswasta,5863000,23,30188000,48,13,2,0,0,0.185,4600000,612000,0,Semarang,100000,Biasa,Ya,2025000,Tidak,Aktif
626,33,P,Menikah,D3,Nelayan,2517000,10,10940000,36,14,1,1,1,0.194,500000,145000,1,Semarang,75000,Calon,Tidak,1186000,Tidak,Aktif
627,65,L,Menikah,D3,Petani,3271000,42,27002000,36,13,0,1,0,0.325,4200000,453000,0,Palembang,100000,Biasa,Ya,1607000,Tidak,Aktif
628,31,L,Belum Menikah,SMA,Perawat,5431000,98,34373000,60,12,1,1,0,0.163,4900000,1319000,0,Bandung,100000,Biasa,Ya,2720000,Ya,Aktif
629,36,L,Belum Menikah,SMA,Pedagang,4577000,47,16133000,24,12,0,1,0,0.188,4700000,579000,0,Bandung,100000,Biasa,Ya,3040000,Tidak,Aktif
630,32,L,Menikah,D3,Pedagang,4892000,24,20891000,24,13,1,0,0,0.28,3600000,393000,1,Medan,100000,Biasa,Tidak,614000,Tidak,Pasif
631,44,P,Menikah,SMA,Karyawan Swasta,4993000,34,23248000,24,12,3,0,0,0.28,3400000,242000,1,Palembang,100000,Biasa,Ya,2030000,Ya,Aktif
632,31,L,Belum Menikah,SMA,Pedagang,5437000,26,57424000,60,13,0,0,0,0.248,2600000,263000,0,Jakarta,100000,Biasa,Tidak,3956000,Tidak,Aktif
633,42,L,Menikah,D3,Buruh,4616000,64,32760000,36,13,2,2,1,0.388,3200000,556000,1,Jakarta,100000,Biasa,Ya,7584000,Tidak,Aktif
634,31,L,Belum Menikah,SMA,Guru,2693000,18,8981000,24,12,0,2,1,0.178,900000,188000,0,Palembang,100000,Biasa,Tidak,1145000,Ya,Aktif
635,27,L,Belum Menikah,D3,Buruh,2541000,11,2894000,12,12,1,0,0,0.133,550000,104000,0,Surabaya,75000,Calon,Ya,578000,Tidak,Aktif
636,43,P,Menikah,S1,Pedagang,10514000,52,63286000,36,13,4,1,0,0.368,10400000,748000,1,Bandung,100000,Biasa,Tidak,2559000,Tidak,Pasif
637,30,P,Belum Menikah,SMA,UMKM,3522000,25,36014000,48,12,0,0,0,0.287,1250000,287000,0,Semarang,100000,Biasa,Ya,1591000,Ya,Aktif
638,53,P,Cerai,D3,Karyawan Swasta,6802000,12,19683000,36,12,0,0,0,0.131,1800000,3176000,0,Bandung,100000,Biasa,Tidak,1502000,Ya,Aktif
639,37,P,Menikah,S1,PNS,6705000,12,16938000,12,11,0,0,0,0.27,1800000,188000,0,Surabaya,100000,Biasa,Ya,3467000,Ya,Pasif
640,42,L,Menikah,S2,Perawat,8984000,39,64594000,60,13,4,1,0,0.308,7800000,547000,0,Yogyakarta,100000,Biasa,Tidak,1898000,Ya,Aktif
641,35,P,Belum Menikah,SMA,Perawat,5269000,18,14613000,12,10,0,1,0,0.287,1800000,580000,0,Bandung,100000,Biasa,Tidak,1220000,Ya,Pasif
642,48,L,Menikah,SMA,Wiraswasta,7639000,14,26009000,24,11,2,0,0,0.202,2100000,164000,0,Surabaya,100000,Biasa,Ya,7803000,Tidak,Aktif
643,36,L,Belum Menikah,SMA,Wiraswasta,5261000,19,25916000,48,13,0,0,0,0.149,950000,128000,0,Semarang,100000,Biasa,Ya,2916000,Tidak,Aktif
644,25,P,Menikah,SMA,Pedagang,4554000,16,31488000,24,12,1,2,0,0.344,1600000,100000,0,Makassar,100000,Biasa,Tidak,1018000,Tidak,Pasif
645,31,P,Menikah,SMA,Pedagang,4254000,47,17310000,24,12,0,1,0,0.208,4700000,626000,0,Palembang,100000,Biasa,Ya,3033000,Tidak,Aktif
646,43,P,Menikah,SMA,Nelayan,2535000,20,3931000,12,12,1,3,1,0.173,1000000,302000,0,Surabaya,100000,Biasa,Ya,1089000,Tidak,Aktif
647,43,P,Menikah,SMA,Petani,2667000,101,10606000,36,12,2,2,1,0.185,10100000,448000,0,Surabaya,100000,Biasa,Tidak,1185000,Tidak,Pasif
648,49,P,Menikah,S2,Petani,5366000,70,19433000,12,11,1,0,0,0.349,7000000,1097000,0,Yogyakarta,100000,Biasa,Ya,3254000,Tidak,Aktif
649,30,L,Belum Menikah,S1,Pedagang,7769000,25,44195000,36,13,1,0,0,0.203,2500000,161000,0,Yogyakarta,100000,Biasa,Ya,1906000,Tidak,Pasif
650,31,P,Belum Menikah,SMA,Buruh,3118000,8,8286000,24,13,0,0,0,0.157,400000,158000,1,Palembang,50000,Calon,Ya,4152000,Tidak,Aktif
651,56,L,Menikah,SMA,Buruh,3173000,42,14415000,24,11,1,2,0,0.254,2100000,241000,1,Medan,100000,Biasa,Tidak,0,Ya,Pasif
652,39,L,Cerai,S2,PNS,8591000,27,39859000,24,11,0,1,0,0.225,5400000,715000,0,Medan,100000,Biasa,Tidak,699000,Ya,Pasif
653,30,L,Belum Menikah,D3,Wiraswasta,4977000,114,40353000,48,13,0,0,0,0.249,17100000,675000,0,Medan,100000,Biasa,Ya,4738000,Tidak,Aktif
654,36,P,Menikah,S1,Guru,6347000,31,33997000,36,12,4,2,1,0.199,4650000,915000,0,Makassar,100000,Biasa,Ya,458000,Ya,Aktif
655,38,L,Belum Menikah,SMA,Buruh,3472000,11,16984000,48,14,0,0,0,0.154,550000,147000,1,Yogyakarta,75000,Calon,Ya,1906000,Tidak,Aktif
656,41,P,Menikah,S1,Karyawan Swasta,9999000,3,24530000,12,11,3,0,0,0.247,600000,490000,0,Yogyakarta,25000,Calon,Tidak,950000,Ya,Pasif
657,36,L,Menikah,D3,Petani,2962000,69,9981000,12,11,0,2,0,0.342,3450000,445000,0,Yogyakarta,100000,Biasa,Ya,2619000,Tidak,Aktif
658,49,P,Menikah,S1,Karyawan Swasta,7995000,47,27772000,24,13,2,5,3,0.221,7050000,677000,1,Makassar,100000,Biasa,Tidak,1437000,Ya,Pasif
659,35,P,Belum Menikah,S2,PNS,10713000,124,38773000,24,12,0,3,0,0.195,24800000,2761000,0,Makassar,100000,Biasa,Ya,6589000,Ya,Aktif
660,37,P,Menikah,S1,Wiraswasta,8027000,27,39592000,36,12,2,0,0,0.329,4050000,363000,1,Semarang,100000,Biasa,Tidak,1044000,Tidak,Pasif
661,46,P,Menikah,S1,UMKM,6227000,108,56017000,36,13,1,1,1,0.321,16200000,996000,1,Makassar,100000,Biasa,Ya,7653000,Tidak,Aktif
662,43,P,Belum Menikah,SMA,Pedagang,6922000,5,22726000,24,12,0,0,0,0.179,750000,258000,0,Palembang,25000,Calon,Ya,3374000,Tidak,Pasif
663,54,P,Menikah,SMA,Wiraswasta,9630000,84,91421000,48,13,3,1,1,0.316,16800000,2883000,1,Semarang,100000,Biasa,Ya,1925000,Tidak,Aktif
664,40,L,Belum Menikah,SMA,Guru,3183000,17,24208000,36,13,1,1,1,0.277,850000,202000,0,Medan,100000,Biasa,Tidak,0,Ya,Pasif
665,39,L,Menikah,D3,Buruh,3054000,17,20546000,60,14,2,2,0,0.193,850000,142000,1,Medan,100000,Biasa,Ya,981000,Tidak,Aktif
666,26,L,Belum Menikah,SMA,UMKM,2704000,13,16000000,24,13,0,3,0,0.299,650000,100000,1,Bandung,100000,Biasa,Ya,446000,Tidak,Aktif
667,46,L,Menikah,SMA,UMKM,3563000,3,6600000,36,12,1,0,0,0.148,150000,100000,0,Semarang,50000,Calon,Ya,1333000,Tidak,Aktif
668,50,L,Menikah,S2,Guru,10016000,48,68698000,48,13,2,0,0,0.239,7200000,691000,0,Surabaya,100000,Biasa,Ya,1450000,Tidak,Pasif
669,35,P,Belum Menikah,D3,Nelayan,3142000,88,15804000,24,12,0,2,3,0.287,8800000,1081000,0,Semarang,100000,Biasa,Ya,1059000,Tidak,Aktif
670,45,L,Menikah,D3,Perawat,5111000,133,34528000,24,12,3,1,1,0.346,13300000,685000,0,Surabaya,100000,Biasa,Ya,4407000,Ya,Aktif
671,61,P,Menikah,SMA,Wiraswasta,7644000,88,18942000,12,10,1,1,0,0.238,13200000,1441000,0,Yogyakarta,100000,Biasa,Ya,4036000,Tidak,Aktif
672,31,L,Menikah,S1,PNS,5976000,41,47984000,60,13,3,0,0,0.215,6150000,1748000,0,Surabaya,100000,Biasa,Ya,1487000,Ya,Aktif
673,44,P,Menikah,S1,Pedagang,10643000,13,78716000,48,15,3,0,0,0.264,2600000,878000,0,Palembang,100000,Biasa,Ya,6432000,Tidak,Aktif
674,47,P,Menikah,D3,UMKM,5210000,49,15307000,12,12,1,1,1,0.317,4900000,148000,1,Semarang,100000,Biasa,Tidak,741000,Tidak,Pasif
675,28,L,Belum Menikah,SMA,Nelayan,2621000,29,15544000,24,11,0,0,0,0.289,2900000,123000,0,Palembang,100000,Biasa,Tidak,298000,Tidak,Pasif
676,38,L,Belum Menikah,SMA,UMKM,3954000,33,8528000,12,11,0,3,2,0.216,3300000,203000,0,Bandung,100000,Biasa,Tidak,0,Ya,Pasif
677,24,L,Belum Menikah,SMA,Petani,3205000,10,4052000,12,11,0,0,0,0.131,500000,322000,0,Bandung,50000,Calon,Ya,1629000,Tidak,Aktif
678,56,P,Menikah,D3,Karyawan Swasta,6953000,8,9070000,12,11,3,0,0,0.194,1200000,413000,0,Semarang,25000,Calon,Ya,2138000,Ya,Pasif
679,29,P,Belum Menikah,SMA,Buruh,2768000,110,17001000,36,13,0,1,0,0.232,5500000,1417000,1,Surabaya,100000,Biasa,Ya,4045000,Tidak,Aktif
680,25,P,Belum Menikah,SMA,Perawat,3648000,26,13873000,24,11,1,1,0,0.211,1300000,269000,1,Yogyakarta,100000,Biasa,Tidak,401000,Ya,Aktif
681,49,P,Menikah,S1,PNS,7815000,52,56761000,24,11,1,1,0,0.411,7800000,1402000,0,Makassar,100000,Biasa,Ya,4269000,Ya,Aktif
682,40,P,Menikah,SMA,UMKM,3745000,42,16990000,24,11,0,0,0,0.242,6300000,541000,0,Surabaya,100000,Biasa,Ya,2437000,Tidak,Aktif
683,36,P,Menikah,SMA,Petani,2711000,9,15160000,36,13,4,1,0,0.29,450000,311000,1,Medan,75000,Calon,Ya,1755000,Ya,Aktif
684,40,L,Belum Menikah,SMA,Nelayan,2657000,27,5192000,12,12,1,0,0,0.211,1350000,536000,0,Palembang,100000,Biasa,Ya,2390000,Tidak,Aktif
685,43,P,Menikah,D3,Perawat,3901000,89,18032000,48,12,4,3,1,0.208,13350000,569000,0,Palembang,100000,Biasa,Tidak,3574000,Ya,Aktif
686,43,P,Menikah,SMA,Nelayan,4469000,70,16671000,24,11,1,1,0,0.18,7000000,948000,0,Jakarta,100000,Biasa,Ya,1069000,Tidak,Aktif
687,55,P,Menikah,SMA,Pedagang,5468000,95,21251000,48,14,4,0,0,0.245,4750000,394000,0,Bandung,100000,Biasa,Tidak,7334000,Tidak,Pasif
688,39,P,Menikah,S1,PNS,8990000,45,35487000,24,11,1,0,0,0.215,9000000,1198000,0,Surabaya,100000,Biasa,Ya,6266000,Ya,Aktif
689,24,P,Belum Menikah,D3,Buruh,2723000,18,24259000,48,12,0,0,0,0.252,1800000,100000,1,Surabaya,100000,Biasa,Ya,522000,Tidak,Aktif
690,39,L,Menikah,SMA,Karyawan Swasta,3624000,30,17856000,48,13,3,1,0,0.181,1500000,392000,0,Makassar,100000,Biasa,Ya,2404000,Ya,Aktif
691,35,L,Menikah,D3,Perawat,4712000,33,23465000,36,12,4,0,0,0.189,4950000,420000,0,Yogyakarta,100000,Biasa,Tidak,2702000,Ya,Aktif
692,37,P,Belum Menikah,SMA,Karyawan Swasta,3628000,130,16682000,36,13,1,1,1,0.17,6500000,867000,0,Semarang,100000,Biasa,Ya,2940000,Tidak,Aktif
693,35,L,Belum Menikah,SMA,UMKM,2551000,14,19800000,48,14,1,2,1,0.223,700000,100000,1,Medan,100000,Biasa,Tidak,145000,Tidak,Pasif
694,32,P,Belum Menikah,S1,Pedagang,8910000,47,32395000,24,12,0,2,2,0.185,9400000,671000,0,Jakarta,100000,Biasa,Tidak,7618000,Tidak,Pasif
695,27,P,Menikah,SMA,Petani,3094000,7,18700000,48,14,3,0,0,0.199,700000,100000,1,Makassar,50000,Calon,Ya,1024000,Tidak,Aktif
696,37,L,Menikah,S1,Pedagang,8002000,77,17541000,12,11,2,0,0,0.243,15400000,1653000,0,Surabaya,100000,Biasa,Ya,6760000,Tidak,Aktif
697,50,L,Menikah,D3,Nelayan,5201000,37,31274000,48,13,3,1,0,0.189,3700000,803000,1,Jakarta,100000,Biasa,Tidak,2050000,Tidak,Aktif
698,26,L,Belum Menikah,SMA,Karyawan Swasta,4099000,16,45089000,60,13,1,0,0,0.347,1600000,451000,1,Palembang,100000,Biasa,Tidak,816000,Ya,Aktif
699,52,P,Menikah,S1,Wiraswasta,10927000,62,27646000,12,12,1,0,0,0.262,12400000,1350000,0,Jakarta,100000,Biasa,Tidak,12774000,Tidak,Pasif
700,44,P,Belum Menikah,S1,Wiraswasta,10643000,31,100109000,48,13,0,1,0,0.278,4650000,2628000,0,Palembang,100000,Biasa,Ya,796000,Tidak,Aktif
701,31,P,Belum Menikah,SMA,Guru,5717000,60,18662000,36,12,0,1,1,0.126,6000000,1007000,0,Jakarta,100000,Biasa,Ya,4198000,Ya,Aktif
702,46,P,Menikah,SMA,UMKM,4004000,76,14390000,36,12,4,1,0,0.284,7600000,670000,0,Yogyakarta,100000,Biasa,Ya,2154000,Tidak,Aktif
703,41,L,Cerai,SMA,UMKM,5956000,22,12514000,12,10,0,0,0,0.209,4400000,684000,0,Yogyakarta,100000,Biasa,Tidak,1246000,Tidak,Pasif
704,43,P,Menikah,S1,Karyawan Swasta,8492000,55,93412000,48,13,2,1,1,0.325,11000000,1589000,1,Yogyakarta,100000,Biasa,Ya,1288000,Ya,Aktif
705,44,L,Menikah,D3,Wiraswasta,9749000,12,38495000,24,11,1,0,0,0.219,2400000,335000,0,Palembang,100000,Biasa,Ya,8709000,Tidak,Aktif
706,36,P,Cerai,S1,Buruh,2695000,17,15677000,24,11,0,0,0,0.281,850000,449000,1,Yogyakarta,100000,Biasa,Tidak,210000,Tidak,Aktif
707,30,P,Menikah,SMA,UMKM,4161000,18,19935000,36,12,0,2,1,0.168,900000,113000,0,Palembang,100000,Biasa,Tidak,593000,Tidak,Pasif
708,47,L,Menikah,SMA,Pedagang,6863000,145,14058000,12,11,1,1,0,0.201,21750000,5137000,0,Medan,100000,Biasa,Ya,4771000,Tidak,Aktif
709,29,L,Belum Menikah,SMA,Karyawan Swasta,2900000,6,11946000,24,13,2,0,0,0.266,300000,218000,1,Semarang,25000,Calon,Tidak,636000,Ya,Aktif
710,36,L,Belum Menikah,D3,Wiraswasta,5359000,32,34591000,48,13,1,1,0,0.225,4800000,409000,0,Surabaya,100000,Biasa,Tidak,674000,Tidak,Pasif
711,42,P,Menikah,SMA,Buruh,2587000,19,17674000,36,13,2,0,0,0.285,950000,192000,1,Yogyakarta,100000,Biasa,Ya,0,Tidak,Aktif
712,29,P,Belum Menikah,D3,UMKM,4177000,40,24852000,24,12,1,1,0,0.296,2000000,390000,1,Jakarta,100000,Biasa,Tidak,3222000,Tidak,Aktif
713,45,L,Belum Menikah,SMA,Petani,2761000,48,13154000,36,14,0,0,0,0.189,2400000,353000,0,Surabaya,100000,Biasa,Ya,1594000,Tidak,Aktif
714,60,L,Menikah,SMA,UMKM,4118000,60,27304000,24,11,0,0,0,0.334,3000000,484000,1,Surabaya,100000,Biasa,Ya,3486000,Tidak,Aktif
715,32,P,Belum Menikah,D3,PNS,8393000,43,19561000,12,10,0,1,0,0.213,4300000,701000,0,Jakarta,100000,Biasa,Ya,11011000,Ya,Aktif
716,34,P,Menikah,D3,Guru,5161000,69,27047000,24,12,2,1,0,0.336,6900000,335000,0,Surabaya,100000,Biasa,Tidak,527000,Ya,Pasif
717,36,P,Menikah,S2,PNS,11221000,32,69910000,36,13,4,1,2,0.269,6400000,1044000,0,Jakarta,100000,Biasa,Tidak,4424000,Ya,Pasif
718,60,P,Menikah,S1,Perawat,6841000,35,46337000,36,12,0,1,0,0.248,5250000,537000,0,Yogyakarta,100000,Biasa,Ya,3519000,Tidak,Aktif
719,45,L,Belum Menikah,D3,PNS,8268000,85,49898000,24,13,0,0,0,0.303,12750000,1088000,0,Surabaya,100000,Biasa,Tidak,6234000,Ya,Aktif
720,39,P,Belum Menikah,SMA,Petani,2794000,55,12340000,24,12,0,3,0,0.235,2750000,1238000,0,Medan,100000,Biasa,Ya,1155000,Tidak,Aktif
721,45,L,Menikah,S1,Buruh,4226000,40,11940000,24,12,3,2,0,0.289,2000000,996000,1,Makassar,100000,Biasa,Ya,5283000,Tidak,Aktif
722,30,L,Belum Menikah,S1,Perawat,4195000,89,40257000,60,14,0,1,1,0.235,13350000,614000,0,Semarang,100000,Biasa,Tidak,2811000,Tidak,Pasif
723,36,L,Belum Menikah,D3,Guru,3492000,29,17919000,36,14,0,0,0,0.206,1450000,265000,0,Semarang,100000,Biasa,Ya,2252000,Ya,Aktif
724,41,L,Belum Menikah,S1,Wiraswasta,7572000,67,49662000,48,15,0,2,4,0.202,10050000,1826000,1,Medan,100000,Biasa,Ya,7098000,Tidak,Aktif
725,46,L,Menikah,S1,Wiraswasta,13861000,15,47118000,24,13,1,0,0,0.194,2250000,1862000,0,Makassar,100000,Biasa,Tidak,7993000,Tidak,Aktif
726,45,L,Belum Menikah,SMA,Petani,2540000,66,9564000,36,14,0,0,0,0.145,6600000,388000,0,Medan,100000,Biasa,Ya,1725000,Tidak,Aktif
727,48,L,Menikah,S1,Karyawan Swasta,9057000,52,42212000,24,11,1,0,0,0.288,10400000,1217000,0,Makassar,100000,Biasa,Tidak,4935000,Ya,Aktif
728,42,L,Belum Menikah,SMA,Nelayan,2522000,26,3541000,12,11,2,0,0,0.175,1300000,493000,1,Palembang,100000,Biasa,Ya,935000,Tidak,Aktif
729,39,L,Menikah,D3,Buruh,3601000,25,6432000,12,11,2,0,0,0.237,1250000,836000,0,Surabaya,100000,Biasa,Tidak,1625000,Tidak,Aktif
730,48,P,Menikah,SMA,Karyawan Swasta,5124000,98,30560000,48,13,1,1,0,0.198,9800000,2190000,0,Medan,100000,Biasa,Ya,2631000,Ya,Aktif
731,23,L,Belum Menikah,SMA,Buruh,5635000,26,26661000,36,13,0,0,0,0.172,2600000,396000,0,Makassar,100000,Biasa,Ya,3438000,Tidak,Aktif
732,55,L,Menikah,SMA,Karyawan Swasta,4926000,34,38449000,36,13,0,0,0,0.285,3400000,289000,1,Semarang,100000,Biasa,Tidak,3280000,Ya,Aktif
733,49,L,Menikah,D3,UMKM,6489000,47,63296000,60,14,3,0,0,0.268,7050000,285000,1,Bandung,100000,Biasa,Tidak,2691000,Tidak,Pasif
734,24,P,Belum Menikah,SMA,UMKM,2940000,27,4584000,12,11,0,0,0,0.23,1350000,100000,1,Bandung,100000,Biasa,Ya,2956000,Tidak,Aktif
735,39,P,Menikah,S1,Karyawan Swasta,9142000,79,66338000,48,12,4,2,0,0.224,15800000,5697000,0,Surabaya,100000,Biasa,Ya,7532000,Tidak,Aktif
736,37,P,Menikah,S1,PNS,9354000,17,55056000,36,13,0,0,0,0.211,3400000,955000,0,Yogyakarta,100000,Biasa,Tidak,5058000,Ya,Aktif
737,38,L,Menikah,S1,Karyawan Swasta,6725000,10,12732000,12,11,3,0,0,0.317,1500000,346000,1,Surabaya,50000,Calon,Ya,6802000,Ya,Aktif
738,32,L,Belum Menikah,S1,Guru,5595000,96,25330000,36,13,0,2,2,0.159,4800000,1833000,0,Surabaya,100000,Biasa,Tidak,6336000,Ya,Aktif
739,34,L,Menikah,SMA,Pedagang,5726000,90,13434000,24,13,3,2,3,0.137,9000000,3632000,0,Jakarta,100000,Biasa,Ya,5598000,Tidak,Aktif
740,29,L,Belum Menikah,SMA,PNS,7028000,56,29161000,36,13,0,0,0,0.169,8400000,1025000,0,Jakarta,100000,Biasa,Tidak,5581000,Ya,Aktif
741,37,P,Menikah,SMA,UMKM,3036000,56,15595000,60,13,2,0,0,0.162,5600000,145000,1,Palembang,100000,Biasa,Tidak,675000,Tidak,Pasif
742,36,P,Menikah,S1,Pedagang,5567000,32,58910000,60,14,2,2,1,0.275,3200000,559000,0,Palembang,100000,Biasa,Ya,6961000,Tidak,Aktif
743,41,L,Belum Menikah,S2,Wiraswasta,17079000,71,83917000,60,13,0,0,0,0.157,14200000,3281000,0,Bandung,100000,Biasa,Ya,45340000,Tidak,Aktif
744,43,L,Menikah,SMA,Buruh,2596000,50,12626000,60,13,4,2,0,0.201,2500000,690000,1,Medan,100000,Biasa,Ya,1436000,Tidak,Aktif
745,33,L,Belum Menikah,SMA,Petani,2966000,67,15967000,24,13,0,1,1,0.271,3350000,217000,0,Jakarta,100000,Biasa,Tidak,245000,Tidak,Aktif
746,41,L,Menikah,SMA,PNS,4916000,36,48534000,36,12,4,0,0,0.37,5400000,100000,1,Bandung,100000,Biasa,Tidak,762000,Ya,Pasif
747,39,L,Menikah,S1,PNS,6079000,15,16737000,12,12,3,1,0,0.373,2250000,1503000,0,Palembang,100000,Biasa,Tidak,1914000,Ya,Aktif
748,49,L,Cerai,D3,Pedagang,5323000,80,36411000,24,12,0,1,0,0.335,8000000,1291000,0,Medan,100000,Biasa,Ya,7583000,Tidak,Aktif
749,46,P,Menikah,D3,UMKM,7821000,10,38852000,36,13,4,0,0,0.243,1500000,191000,1,Surabaya,75000,Calon,Tidak,1256000,Tidak,Pasif
750,27,P,Belum Menikah,SMA,UMKM,3277000,11,15020000,48,14,1,1,1,0.14,1100000,199000,1,Palembang,50000,Calon,Ya,222000,Tidak,Pasif
751,49,P,Menikah,D3,Guru,5513000,83,11552000,12,11,0,3,3,0.214,12450000,1791000,0,Bandung,100000,Biasa,Ya,4007000,Ya,Aktif
752,28,P,Menikah,SMA,UMKM,3941000,46,11098000,24,13,4,0,0,0.216,2300000,502000,0,Surabaya,100000,Biasa,Tidak,762000,Tidak,Aktif
753,30,P,Belum Menikah,SMA,Petani,2949000,21,14089000,36,13,1,0,0,0.174,1050000,277000,0,Surabaya,100000,Biasa,Tidak,746000,Tidak,Aktif
754,40,L,Menikah,S1,Pedagang,9249000,52,19744000,24,12,1,1,1,0.122,10400000,2887000,0,Palembang,100000,Biasa,Ya,4109000,Tidak,Aktif
755,32,L,Belum Menikah,SMA,UMKM,3135000,37,10095000,24,12,1,0,0,0.199,1850000,938000,0,Medan,100000,Biasa,Ya,2658000,Tidak,Aktif
756,33,P,Belum Menikah,SMA,Karyawan Swasta,3944000,80,16054000,24,12,0,2,2,0.208,8000000,661000,0,Semarang,100000,Biasa,Ya,3310000,Tidak,Aktif
757,37,L,Belum Menikah,S1,Perawat,5852000,129,49379000,36,13,1,0,0,0.302,12900000,1167000,0,Medan,100000,Biasa,Ya,3064000,Ya,Aktif
758,41,L,Menikah,S1,Petani,3463000,57,38093000,60,13,3,1,0,0.274,5700000,530000,1,Bandung,100000,Biasa,Ya,1110000,Tidak,Aktif
759,41,L,Menikah,S2,PNS,10305000,28,48477000,24,11,0,2,0,0.278,4200000,723000,0,Makassar,100000,Biasa,Ya,5621000,Ya,Pasif
760,33,L,Belum Menikah,S1,Guru,6359000,54,9760000,12,11,0,1,0,0.145,8100000,561000,0,Makassar,100000,Biasa,Ya,2846000,Ya,Pasif
761,36,L,Belum Menikah,D3,Petani,3276000,22,29008000,60,13,0,0,0,0.221,1100000,242000,0,Palembang,100000,Biasa,Ya,1022000,Tidak,Pasif
762,33,L,Menikah,S1,PNS,9395000,48,57096000,24,11,0,2,1,0.328,9600000,881000,0,Jakarta,100000,Biasa,Tidak,671000,Ya,Pasif
763,26,L,Belum Menikah,S2,Guru,9366000,13,47664000,48,13,1,0,0,0.182,1950000,350000,1,Jakarta,100000,Biasa,Tidak,3437000,Ya,Aktif
764,38,P,Belum Menikah,SMA,UMKM,4113000,27,15166000,24,12,0,0,0,0.18,2700000,537000,0,Jakarta,100000,Biasa,Ya,1380000,Tidak,Aktif
765,35,L,Menikah,D3,Wiraswasta,7684000,67,33255000,24,13,2,1,1,0.261,10050000,727000,0,Bandung,100000,Biasa,Tidak,2431000,Tidak,Pasif
766,49,P,Menikah,SMA,UMKM,3357000,35,16284000,24,11,4,0,0,0.282,1750000,1242000,0,Semarang,100000,Biasa,Ya,1264000,Ya,Aktif
767,37,P,Menikah,S1,Karyawan Swasta,8635000,22,30712000,36,12,1,1,0,0.149,4400000,863000,0,Yogyakarta,100000,Biasa,Ya,2947000,Ya,Aktif
768,57,P,Menikah,SMA,Petani,2984000,24,5500000,12,11,3,0,0,0.258,1200000,174000,0,Medan,100000,Biasa,Ya,1277000,Tidak,Aktif
769,36,L,Menikah,D3,UMKM,4612000,61,21187000,36,12,2,0,0,0.271,6100000,1163000,1,Bandung,100000,Biasa,Ya,3181000,Tidak,Aktif
770,35,L,Belum Menikah,S1,Pedagang,9095000,19,65902000,36,12,1,1,0,0.255,3800000,1451000,1,Makassar,100000,Biasa,Ya,6974000,Tidak,Aktif
771,38,P,Belum Menikah,SMA,Perawat,5680000,22,32804000,36,12,0,2,0,0.263,2200000,1013000,0,Semarang,100000,Biasa,Tidak,6244000,Ya,Aktif
772,42,L,Menikah,S1,Karyawan Swasta,11142000,24,22265000,12,11,3,2,0,0.26,3600000,715000,0,Surabaya,100000,Biasa,Tidak,1656000,Ya,Pasif
773,44,L,Menikah,SMA,Perawat,3887000,53,25311000,24,12,3,2,0,0.371,5300000,1145000,0,Medan,100000,Biasa,Ya,6683000,Ya,Aktif
774,29,P,Menikah,S1,Pedagang,6670000,6,23188000,60,12,1,1,0,0.107,900000,129000,0,Semarang,25000,Calon,Ya,574000,Tidak,Pasif
775,45,P,Belum Menikah,D3,Petani,3351000,48,7903000,12,14,1,2,2,0.243,2400000,496000,0,Surabaya,100000,Biasa,Ya,2560000,Tidak,Aktif
776,38,P,Belum Menikah,SMA,Karyawan Swasta,6285000,22,15428000,12,11,0,0,0,0.23,4400000,673000,0,Jakarta,100000,Biasa,Tidak,4961000,Ya,Aktif
777,46,L,Menikah,SMA,Buruh,2732000,14,18688000,24,11,3,0,0,0.368,1400000,229000,1,Bandung,100000,Biasa,Ya,1558000,Tidak,Aktif
778,28,L,Belum Menikah,D3,Pedagang,5865000,24,42264000,60,13,0,0,0,0.188,4800000,313000,1,Bandung,100000,Biasa,Tidak,3414000,Tidak,Aktif
779,58,P,Menikah,SMA,Petani,2823000,99,6687000,12,11,3,3,1,0.228,4950000,560000,0,Medan,100000,Biasa,Tidak,1045000,Tidak,Aktif
780,34,P,Belum Menikah,SMA,UMKM,2947000,32,9043000,12,11,0,2,0,0.286,1600000,484000,0,Surabaya,100000,Biasa,Ya,4965000,Tidak,Aktif
781,47,P,Menikah,SMA,Karyawan Swasta,6784000,40,22407000,24,12,1,0,0,0.197,8000000,250000,0,Surabaya,100000,Biasa,Tidak,1663000,Ya,Pasif
782,36,L,Menikah,SMA,Buruh,2580000,13,18700000,36,13,2,0,0,0.307,650000,100000,1,Semarang,100000,Biasa,Ya,806000,Ya,Pasif
783,48,L,Cerai,SMA,Buruh,2681000,34,15568000,60,14,0,1,1,0.167,1700000,515000,0,Palembang,100000,Biasa,Ya,835000,Tidak,Pasif
784,34,L,Belum Menikah,SMA,Karyawan Swasta,5715000,25,22048000,24,11,0,2,0,0.21,2500000,279000,0,Bandung,100000,Biasa,Ya,1124000,Ya,Pasif
785,26,P,Belum Menikah,SMA,UMKM,2628000,12,7292000,36,12,0,1,0,0.104,600000,100000,0,Makassar,100000,Biasa,Tidak,382000,Tidak,Aktif
786,41,P,Menikah,SMA,Petani,2843000,37,4751000,12,11,2,1,0,0.177,1850000,363000,0,Makassar,100000,Biasa,Ya,1329000,Tidak,Aktif
787,39,P,Menikah,SMA,Pedagang,5370000,35,12578000,24,13,1,0,0,0.134,5250000,1217000,0,Makassar,100000,Biasa,Tidak,2154000,Tidak,Aktif
788,46,P,Menikah,S1,Wiraswasta,15533000,72,95821000,36,13,1,1,0,0.226,14400000,1654000,1,Jakarta,100000,Biasa,Tidak,3587000,Tidak,Pasif
789,28,P,Belum Menikah,S2,Karyawan Swasta,11022000,35,45381000,24,13,1,2,2,0.226,5250000,412000,0,Medan,100000,Biasa,Tidak,1031000,Ya,Aktif
790,37,L,Belum Menikah,SMA,Pedagang,4782000,110,19833000,24,12,0,2,1,0.212,16500000,318000,0,Yogyakarta,100000,Biasa,Tidak,4528000,Tidak,Aktif
791,54,L,Menikah,S1,Karyawan Swasta,6522000,75,29924000,48,14,1,0,0,0.15,7500000,1365000,0,Makassar,100000,Biasa,Ya,6920000,Ya,Aktif
792,44,P,Menikah,SMA,Perawat,5135000,61,17354000,36,13,1,1,1,0.135,6100000,551000,0,Makassar,100000,Biasa,Ya,7093000,Ya,Aktif
793,65,P,Menikah,D3,Pedagang,13582000,56,125435000,60,15,0,0,0,0.237,8400000,4073000,0,Jakarta,100000,Biasa,Tidak,9839000,Tidak,Aktif
794,32,L,Menikah,S1,PNS,9289000,31,24406000,24,13,1,0,0,0.167,6200000,926000,0,Jakarta,100000,Biasa,Ya,6177000,Ya,Aktif
795,51,L,Menikah,SMA,Wiraswasta,7748000,17,81842000,48,14,3,2,1,0.335,3400000,886000,1,Makassar,100000,Biasa,Ya,2431000,Tidak,Aktif
796,55,L,Menikah,D3,Petani,3405000,53,11458000,24,12,2,2,1,0.195,5300000,991000,1,Bandung,100000,Biasa,Tidak,2792000,Tidak,Aktif
797,45,L,Belum Menikah,S2,PNS,8889000,7,31460000,36,12,0,1,0,0.136,1050000,330000,0,Medan,50000,Calon,Tidak,1507000,Ya,Pasif
798,26,L,Menikah,S1,Petani,3418000,8,16679000,60,13,0,0,0,0.146,800000,111000,0,Yogyakarta,75000,Calon,Ya,2042000,Tidak,Aktif
799,27,L,Menikah,SMA,Buruh,2798000,51,8732000,24,12,2,1,1,0.189,2550000,433000,1,Jakarta,100000,Biasa,Ya,930000,Tidak,Aktif
800,38,P,Cerai,S1,PNS,7524000,47,19938000,24,11,1,1,0,0.155,7050000,509000,0,Yogyakarta,100000,Biasa,Ya,11593000,Ya,Aktif
801,46,P,Belum Menikah,S2,PNS,10627000,47,58528000,36,13,0,2,3,0.217,9400000,2119000,0,Palembang,100000,Biasa,Ya,8825000,Ya,Aktif
802,26,P,Belum Menikah,SMA,PNS,3126000,29,28876000,36,12,0,0,0,0.334,1450000,263000,0,Surabaya,100000,Biasa,Tidak,2031000,Ya,Aktif
803,28,P,Menikah,SMA,Pedagang,4019000,20,15537000,24,12,1,0,0,0.201,2000000,562000,1,Yogyakarta,100000,Biasa,Ya,1004000,Tidak,Aktif
804,50,L,Menikah,S1,Karyawan Swasta,8263000,50,18374000,12,10,2,1,1,0.304,5000000,1140000,0,Palembang,100000,Biasa,Ya,10100000,Ya,Aktif
805,39,L,Belum Menikah,SMA,UMKM,3834000,17,11156000,24,12,0,1,1,0.178,850000,383000,1,Bandung,100000,Biasa,Tidak,2065000,Tidak,Aktif
806,65,P,Menikah,S1,Perawat,6746000,9,40434000,36,13,1,0,0,0.22,1350000,576000,0,Palembang,25000,Calon,Ya,3637000,Ya,Aktif
807,65,P,Menikah,SMA,UMKM,4335000,23,25158000,24,13,1,0,0,0.293,2300000,106000,1,Bandung,100000,Biasa,Tidak,343000,Tidak,Pasif
808,32,P,Menikah,S2,Wiraswasta,8029000,35,24994000,24,11,1,3,0,0.273,7000000,960000,0,Makassar,100000,Biasa,Ya,7947000,Tidak,Aktif
809,29,P,Menikah,SMA,Buruh,2576000,56,8369000,24,12,0,2,0,0.171,2800000,424000,0,Semarang,100000,Biasa,Ya,909000,Tidak,Aktif
810,34,L,Menikah,SMA,UMKM,3358000,26,16514000,24,12,1,0,0,0.27,1300000,609000,1,Medan,100000,Biasa,Ya,217000,Tidak,Pasif
811,63,P,Menikah,SMA,Pedagang,8427000,15,56716000,36,13,4,0,0,0.379,1500000,978000,1,Bandung,100000,Biasa,Ya,2312000,Tidak,Aktif
812,45,L,Menikah,SMA,Pedagang,6760000,33,15404000,12,11,4,2,0,0.278,3300000,838000,1,Makassar,100000,Biasa,Ya,9997000,Tidak,Aktif
813,29,L,Menikah,SMA,Karyawan Swasta,3885000,55,6789000,12,11,1,1,0,0.161,2750000,1836000,0,Surabaya,100000,Biasa,Ya,9801000,Ya,Aktif
814,25,P,Belum Menikah,S1,Guru,7942000,24,33860000,24,12,1,0,0,0.283,3600000,775000,0,Medan,100000,Biasa,Ya,6075000,Ya,Aktif
815,38,P,Menikah,SMA,Petani,2657000,46,3528000,12,10,3,3,2,0.211,4600000,182000,1,Surabaya,100000,Biasa,Ya,1188000,Tidak,Aktif
816,35,L,Menikah,D3,UMKM,3837000,47,23397000,48,13,3,2,2,0.329,2350000,717000,0,Bandung,100000,Biasa,Ya,7815000,Tidak,Aktif
817,46,L,Menikah,S1,Perawat,5458000,19,18118000,24,11,2,1,0,0.204,2850000,339000,1,Yogyakarta,100000,Biasa,Tidak,763000,Ya,Pasif
818,40,P,Menikah,D3,PNS,8976000,91,50214000,24,11,1,2,0,0.281,18200000,2493000,0,Surabaya,100000,Biasa,Ya,10168000,Ya,Aktif
819,44,L,Menikah,S1,Guru,4351000,12,27193000,36,13,2,1,0,0.246,1200000,239000,0,Semarang,100000,Biasa,Ya,2943000,Ya,Aktif
820,31,L,Menikah,S1,PNS,7728000,51,16256000,12,11,3,1,0,0.249,10200000,1102000,0,Makassar,100000,Biasa,Ya,4051000,Ya,Aktif
821,49,L,Menikah,SMA,Buruh,2653000,67,22969000,36,13,4,0,0,0.344,6700000,174000,1,Jakarta,100000,Biasa,Tidak,867000,Tidak,Pasif
822,32,L,Belum Menikah,SMA,Pedagang,5652000,30,13366000,12,12,0,0,0,0.222,4500000,670000,0,Palembang,100000,Biasa,Ya,6493000,Tidak,Aktif
823,42,P,Menikah,SMA,Karyawan Swasta,3656000,18,17895000,36,13,2,1,0,0.175,900000,148000,0,Semarang,100000,Biasa,Ya,1399000,Ya,Pasif
824,44,L,Menikah,SMA,Karyawan Swasta,4947000,23,28048000,48,13,0,1,0,0.174,2300000,732000,0,Jakarta,100000,Biasa,Ya,6226000,Ya,Aktif
825,64,L,Menikah,SMA,Petani,3385000,69,14109000,36,12,1,0,0,0.203,3450000,558000,0,Makassar,100000,Biasa,Ya,1296000,Tidak,Aktif
826,45,P,Menikah,S1,Wiraswasta,8264000,55,20734000,12,12,3,2,1,0.279,8250000,2205000,0,Semarang,100000,Biasa,Ya,7530000,Tidak,Aktif
827,22,P,Belum Menikah,D3,Buruh,3013000,11,19294000,60,13,0,0,0,0.194,550000,252000,1,Makassar,75000,Calon,Ya,1357000,Tidak,Aktif
828,39,L,Menikah,SMA,UMKM,3277000,56,16831000,36,14,3,1,0,0.219,2800000,239000,0,Semarang,100000,Biasa,Tidak,1800000,Tidak,Aktif
829,32,P,Belum Menikah,SMA,Perawat,2665000,83,20317000,48,14,1,1,1,0.272,8300000,193000,0,Semarang,100000,Biasa,Ya,1774000,Ya,Aktif
830,26,L,Belum Menikah,SMA,Nelayan,2663000,26,20072000,48,14,0,1,1,0.247,1300000,139000,1,Surabaya,100000,Biasa,Ya,575000,Tidak,Pasif
831,43,L,Menikah,S1,UMKM,5066000,85,14346000,12,10,2,4,1,0.294,4250000,3334000,0,Yogyakarta,100000,Biasa,Ya,5815000,Tidak,Aktif
832,32,P,Belum Menikah,SMA,Perawat,3882000,4,12812000,24,12,0,0,0,0.175,400000,349000,0,Jakarta,75000,Calon,Ya,2213000,Ya,Aktif
833,25,P,Belum Menikah,S1,Pedagang,3688000,32,8899000,12,11,1,0,0,0.22,1600000,365000,0,Palembang,100000,Biasa,Tidak,1531000,Tidak,Pasif
834,45,P,Menikah,SMA,Wiraswasta,8284000,80,10694000,12,11,3,1,0,0.148,16000000,2964000,0,Surabaya,100000,Biasa,Ya,3545000,Tidak,Aktif
835,27,P,Belum Menikah,D3,Guru,4857000,6,12669000,12,11,0,0,0,0.252,600000,147000,1,Surabaya,25000,Calon,Tidak,0,Tidak,Pasif
836,51,L,Menikah,S1,Wiraswasta,11020000,31,28133000,12,11,3,1,0,0.285,6200000,1084000,1,Semarang,100000,Biasa,Tidak,6220000,Tidak,Aktif
837,39,P,Menikah,SMA,Nelayan,2648000,52,13847000,24,13,2,0,0,0.302,2600000,546000,1,Medan,100000,Biasa,Tidak,2453000,Tidak,Aktif
838,25,P,Belum Menikah,D3,Petani,2661000,13,19404000,36,12,0,0,0,0.256,650000,132000,0,Semarang,100000,Biasa,Ya,1098000,Tidak,Aktif
839,36,L,Menikah,SMA,Nelayan,2815000,57,18069000,48,13,1,2,2,0.192,2850000,332000,0,Surabaya,100000,Biasa,Ya,756000,Ya,Pasif
840,39,L,Menikah,SMA,Buruh,2595000,27,4298000,12,12,2,2,0,0.174,1350000,190000,0,Surabaya,100000,Biasa,Ya,785000,Ya,Aktif
841,26,P,Belum Menikah,SMA,Buruh,2841000,43,8536000,12,10,0,3,0,0.29,4300000,1007000,0,Bandung,100000,Biasa,Ya,1442000,Ya,Aktif
842,38,L,Belum Menikah,D3,UMKM,5835000,34,25731000,36,13,0,0,0,0.163,1700000,732000,0,Jakarta,100000,Biasa,Tidak,5231000,Tidak,Aktif
843,50,L,Menikah,SMA,Buruh,2852000,6,9324000,12,12,0,1,2,0.317,300000,130000,1,Surabaya,75000,Calon,Tidak,338000,Tidak,Pasif
844,56,P,Menikah,S2,Guru,8089000,55,75899000,48,13,4,3,2,0.298,5500000,1052000,0,Yogyakarta,100000,Biasa,Tidak,1037000,Ya,Pasif
845,38,L,Menikah,SMA,Wiraswasta,6885000,45,26000000,48,13,1,1,0,0.132,6750000,1900000,0,Bandung,100000,Biasa,Ya,8338000,Tidak,Aktif
846,34,P,Menikah,S1,Guru,7387000,29,13703000,12,10,2,0,0,0.171,4350000,445000,0,Bandung,100000,Biasa,Ya,1510000,Ya,Aktif
847,33,L,Menikah,SMA,Wiraswasta,5478000,44,14035000,24,12,2,0,0,0.218,4400000,934000,0,Makassar,100000,Biasa,Ya,1272000,Tidak,Pasif
848,28,L,Belum Menikah,S2,PNS,6636000,40,64444000,48,13,0,2,1,0.272,6000000,522000,0,Bandung,100000,Biasa,Tidak,7928000,Ya,Aktif
849,35,P,Menikah,SMA,PNS,4701000,31,51711000,60,14,1,0,0,0.286,3100000,232000,0,Medan,100000,Biasa,Tidak,1852000,Ya,Pasif
850,28,L,Belum Menikah,S1,Wiraswasta,6999000,24,24163000,12,12,0,1,0,0.327,2400000,196000,1,Palembang,100000,Biasa,Tidak,1428000,Tidak,Pasif
851,33,L,Menikah,S2,Karyawan Swasta,9043000,51,10440000,12,10,1,0,0,0.113,7650000,263000,0,Surabaya,100000,Biasa,Tidak,7383000,Tidak,Aktif
852,38,P,Menikah,SMA,Petani,2909000,17,11257000,24,13,1,1,0,0.214,850000,112000,0,Palembang,100000,Biasa,Tidak,803000,Tidak,Pasif
853,40,P,Belum Menikah,D3,Perawat,3147000,31,4113000,12,11,0,2,0,0.145,1550000,302000,0,Medan,100000,Biasa,Ya,615000,Ya,Aktif
854,56,P,Menikah,SMA,Guru,7188000,84,44325000,24,13,1,2,0,0.321,8400000,826000,0,Surabaya,100000,Biasa,Tidak,1349000,Ya,Pasif
855,22,L,Belum Menikah,SMA,Guru,3197000,21,15217000,36,13,0,0,0,0.184,1050000,178000,0,Medan,100000,Biasa,Ya,954000,Ya,Aktif
856,26,L,Menikah,SMA,UMKM,2753000,30,10884000,36,13,0,0,0,0.152,3000000,184000,0,Semarang,100000,Biasa,Ya,455000,Tidak,Pasif
857,44,L,Menikah,S1,Guru,8524000,69,34365000,48,13,0,2,1,0.118,13800000,1303000,0,Surabaya,100000,Biasa,Ya,3247000,Ya,Pasif
858,33,L,Belum Menikah,S1,Karyawan Swasta,6895000,92,12299000,12,10,0,0,0,0.165,13800000,2329000,0,Surabaya,100000,Biasa,Ya,8065000,Tidak,Aktif
859,27,L,Menikah,SMA,UMKM,2744000,25,9678000,24,12,1,1,0,0.229,1250000,466000,0,Palembang,100000,Biasa,Tidak,1682000,Tidak,Aktif
860,42,P,Menikah,SMA,Wiraswasta,6284000,21,14179000,12,11,2,1,1,0.345,2100000,624000,1,Bandung,100000,Biasa,Tidak,4662000,Tidak,Aktif
861,28,P,Menikah,S1,Karyawan Swasta,10143000,48,88374000,48,12,0,1,0,0.257,9600000,474000,0,Jakarta,100000,Biasa,Tidak,536000,Ya,Pasif
862,44,P,Menikah,S1,Wiraswasta,9340000,44,92458000,48,14,3,1,0,0.343,6600000,952000,1,Medan,100000,Biasa,Tidak,4986000,Tidak,Aktif
863,39,P,Menikah,S2,Guru,8580000,55,45392000,48,14,2,0,0,0.208,11000000,327000,0,Palembang,100000,Biasa,Tidak,3403000,Ya,Pasif
864,38,L,Menikah,SMA,Karyawan Swasta,4751000,33,36914000,36,12,3,0,0,0.294,1650000,328000,1,Bandung,100000,Biasa,Ya,0,Ya,Pasif
865,34,L,Belum Menikah,SMA,Petani,3330000,79,23836000,48,14,1,2,1,0.234,3950000,600000,1,Surabaya,100000,Biasa,Ya,5082000,Tidak,Aktif
866,39,P,Menikah,SMA,Nelayan,3618000,38,37401000,60,14,1,1,3,0.284,1900000,421000,1,Jakarta,100000,Biasa,Tidak,1215000,Tidak,Aktif
867,31,L,Belum Menikah,D3,Buruh,2622000,49,10504000,48,14,0,1,1,0.139,2450000,684000,0,Medan,100000,Biasa,Ya,2263000,Ya,Aktif
868,40,P,Menikah,SMA,Karyawan Swasta,4478000,6,21340000,36,13,3,0,0,0.24,600000,320000,1,Medan,50000,Calon,Ya,2302000,Tidak,Aktif
869,49,L,Menikah,SMA,Karyawan Swasta,7571000,33,26975000,24,12,2,0,0,0.2,4950000,380000,0,Makassar,100000,Biasa,Ya,6624000,Ya,Aktif
870,31,L,Belum Menikah,SMA,PNS,5008000,7,21692000,36,12,0,2,0,0.161,700000,261000,1,Bandung,25000,Calon,Ya,5698000,Ya,Aktif
871,38,P,Menikah,S1,Pedagang,10807000,85,81853000,48,13,3,3,1,0.241,12750000,1859000,0,Jakarta,100000,Biasa,Ya,7032000,Tidak,Aktif
872,43,P,Menikah,D3,Karyawan Swasta,6906000,11,8050000,12,12,4,1,1,0.226,2200000,246000,0,Semarang,75000,Calon,Tidak,641000,Ya,Pasif
873,38,L,Menikah,D3,PNS,6008000,26,17899000,12,11,1,1,0,0.293,3900000,303000,0,Makassar,100000,Biasa,Tidak,0,Ya,Pasif
874,45,L,Belum Menikah,SMA,Pedagang,4762000,47,11155000,24,12,0,1,0,0.148,2350000,220000,0,Palembang,100000,Biasa,Ya,3097000,Tidak,Aktif
875,42,L,Menikah,SMA,Guru,5789000,124,16869000,24,12,1,2,0,0.15,12400000,1116000,0,Medan,100000,Biasa,Ya,4148000,Ya,Aktif
876,41,P,Menikah,S2,Guru,7272000,31,19732000,12,12,2,1,1,0.324,4650000,895000,0,Bandung,100000,Biasa,Ya,8702000,Ya,Aktif
877,36,L,Menikah,SMA,PNS,5033000,20,35137000,36,12,2,1,0,0.27,3000000,735000,1,Makassar,100000,Biasa,Ya,3152000,Ya,Aktif
878,54,P,Menikah,SMA,Nelayan,2594000,90,17341000,36,13,2,2,1,0.245,4500000,227000,1,Makassar,100000,Biasa,Ya,1761000,Tidak,Aktif
879,37,P,Menikah,SMA,Pedagang,5424000,37,30987000,60,13,0,2,0,0.14,5550000,474000,0,Surabaya,100000,Biasa,Tidak,409000,Tidak,Pasif
880,30,P,Menikah,SMA,Guru,4659000,34,22051000,48,12,0,1,0,0.143,5100000,940000,0,Jakarta,100000,Biasa,Ya,4149000,Ya,Aktif
881,54,P,Menikah,S1,Guru,9219000,33,62302000,36,12,4,2,0,0.243,6600000,1018000,0,Palembang,100000,Biasa,Ya,9170000,Ya,Aktif
882,65,L,Menikah,SMA,Buruh,3821000,13,16298000,36,13,4,1,0,0.301,1300000,584000,1,Jakarta,100000,Biasa,Ya,1468000,Tidak,Aktif
883,45,L,Menikah,S1,PNS,7433000,6,21868000,60,14,4,0,0,0.132,600000,369000,1,Makassar,25000,Calon,Tidak,2317000,Ya,Pasif
884,40,P,Menikah,SMA,Pedagang,5336000,19,17187000,36,13,1,0,0,0.127,1900000,364000,1,Semarang,100000,Biasa,Ya,2451000,Tidak,Pasif
885,31,L,Belum Menikah,SMA,PNS,5723000,46,42524000,36,12,0,0,0,0.267,4600000,620000,1,Makassar,100000,Biasa,Tidak,857000,Ya,Pasif
886,31,P,Belum Menikah,S1,Karyawan Swasta,6820000,52,50200000,36,11,0,2,0,0.295,10400000,629000,0,Semarang,100000,Biasa,Ya,10044000,Ya,Aktif
887,46,L,Menikah,D3,Buruh,3232000,91,19150000,36,12,2,2,0,0.267,4550000,1326000,0,Semarang,100000,Biasa,Ya,1261000,Tidak,Aktif
888,28,L,Belum Menikah,SMA,Karyawan Swasta,3340000,40,6091000,12,11,0,0,0,0.25,2000000,489000,0,Palembang,100000,Biasa,Tidak,424000,Ya,Pasif
889,32,P,Belum Menikah,S1,Wiraswasta,8529000,37,56808000,48,13,0,2,0,0.204,7400000,2066000,0,Surabaya,100000,Biasa,Ya,5226000,Tidak,Aktif
890,38,L,Cerai,D3,PNS,9463000,42,58457000,24,12,0,2,1,0.336,6300000,1677000,0,Jakarta,100000,Biasa,Ya,3846000,Ya,Aktif
891,39,P,Menikah,S2,PNS,10965000,93,80618000,36,13,3,1,0,0.315,18600000,1322000,1,Semarang,100000,Biasa,Tidak,6278000,Ya,Pasif
892,35,L,Belum Menikah,SMA,Pedagang,4994000,16,37750000,48,13,0,0,0,0.226,1600000,402000,0,Bandung,100000,Biasa,Tidak,1789000,Tidak,Pasif
893,47,P,Belum Menikah,D3,Buruh,2795000,40,11162000,24,13,0,1,0,0.224,2000000,124000,0,Medan,100000,Biasa,Tidak,436000,Tidak,Pasif
894,35,L,Belum Menikah,SMA,Nelayan,2514000,12,18194000,36,13,0,0,0,0.26,600000,127000,1,Semarang,100000,Biasa,Ya,2572000,Tidak,Aktif
895,27,L,Belum Menikah,SMA,UMKM,3258000,31,16039000,36,13,0,2,1,0.199,1550000,267000,0,Semarang,100000,Biasa,Ya,2138000,Tidak,Aktif
896,28,L,Belum Menikah,SMA,Buruh,2705000,41,19417000,60,15,0,1,0,0.219,2050000,635000,1,Surabaya,100000,Biasa,Ya,1827000,Tidak,Aktif
897,36,P,Belum Menikah,S1,Wiraswasta,12006000,18,92428000,36,14,0,0,0,0.27,3600000,1290000,0,Jakarta,100000,Biasa,Ya,8760000,Tidak,Aktif
898,52,P,Menikah,SMA,Buruh,2506000,99,12847000,36,12,3,0,0,0.232,4950000,249000,0,Bandung,100000,Biasa,Ya,565000,Tidak,Aktif
899,50,L,Menikah,SMA,Wiraswasta,6116000,63,30163000,36,12,2,0,0,0.27,9450000,383000,0,Semarang,100000,Biasa,Ya,4463000,Tidak,Aktif
900,39,P,Cerai,S2,PNS,9762000,96,36253000,36,13,1,1,0,0.257,19200000,2434000,0,Medan,100000,Biasa,Ya,3255000,Ya,Aktif
901,54,L,Menikah,S1,Wiraswasta,12179000,16,32767000,12,11,0,1,0,0.258,3200000,524000,0,Yogyakarta,100000,Biasa,Tidak,0,Tidak,Pasif
902,32,L,Menikah,SMA,Buruh,2628000,71,16403000,24,12,1,1,1,0.324,3550000,490000,1,Palembang,100000,Biasa,Ya,3354000,Tidak,Pasif
903,65,L,Menikah,D3,Karyawan Swasta,10635000,11,84788000,60,12,4,1,0,0.286,2200000,1579000,0,Jakarta,75000,Calon,Ya,7061000,Tidak,Aktif
904,33,P,Menikah,SMA,Buruh,3211000,65,12555000,24,13,2,0,0,0.246,3250000,627000,1,Yogyakarta,100000,Biasa,Ya,668000,Tidak,Pasif
905,56,L,Menikah,D3,Karyawan Swasta,6209000,114,18149000,24,12,2,3,1,0.278,22800000,702000,0,Palembang,100000,Biasa,Ya,11370000,Ya,Aktif
906,25,P,Belum Menikah,SMA,Guru,4290000,45,14412000,24,11,0,1,0,0.175,4500000,276000,0,Jakarta,100000,Biasa,Ya,4624000,Tidak,Aktif
907,42,L,Belum Menikah,S1,Karyawan Swasta,9450000,68,26102000,12,11,0,0,0,0.287,13600000,2613000,0,Bandung,100000,Biasa,Ya,4599000,Ya,Aktif
908,32,P,Belum Menikah,SMA,Karyawan Swasta,4663000,41,44510000,60,14,0,3,1,0.238,6150000,210000,1,Medan,100000,Biasa,Ya,2256000,Ya,Pasif
909,38,P,Menikah,S1,Pedagang,6611000,96,34572000,60,13,2,1,0,0.169,9600000,1623000,0,Makassar,100000,Biasa,Tidak,6088000,Tidak,Aktif
910,49,P,Menikah,D3,Guru,6463000,39,48786000,36,12,2,0,0,0.272,5850000,555000,1,Makassar,100000,Biasa,Tidak,1971000,Tidak,Aktif
911,44,L,Menikah,S1,Karyawan Swasta,8750000,14,72605000,60,14,2,0,0,0.238,2800000,887000,0,Yogyakarta,100000,Biasa,Ya,3217000,Ya,Aktif
912,28,P,Menikah,SMA,Buruh,2742000,92,13521000,36,12,2,3,0,0.256,4600000,973000,0,Makassar,100000,Biasa,Ya,2764000,Tidak,Aktif
913,44,P,Menikah,S2,Guru,6502000,9,9901000,12,11,4,0,0,0.193,1800000,935000,0,Semarang,25000,Calon,Ya,2379000,Ya,Aktif
914,41,P,Menikah,D3,UMKM,5284000,23,42904000,48,12,1,0,0,0.242,3450000,476000,1,Bandung,100000,Biasa,Tidak,569000,Tidak,Pasif
915,32,L,Menikah,SMA,Perawat,3524000,29,29356000,60,12,1,2,1,0.253,1450000,375000,1,Makassar,100000,Biasa,Tidak,315000,Ya,Pasif
916,29,L,Menikah,SMA,Karyawan Swasta,4481000,18,13932000,24,11,1,1,0,0.202,1800000,490000,0,Semarang,100000,Biasa,Tidak,4979000,Tidak,Pasif
917,46,L,Menikah,S1,PNS,9876000,62,80978000,48,13,3,0,0,0.292,12400000,1250000,0,Semarang,100000,Biasa,Ya,26734000,Ya,Aktif
918,60,P,Menikah,SMA,UMKM,2514000,16,2960000,12,11,3,2,1,0.187,800000,436000,1,Medan,100000,Biasa,Ya,2936000,Tidak,Aktif
919,51,P,Menikah,SMA,Nelayan,2547000,20,17261000,36,13,4,2,1,0.266,1000000,139000,1,Bandung,100000,Biasa,Tidak,629000,Tidak,Aktif
920,27,L,Belum Menikah,SMA,UMKM,3044000,32,22732000,48,13,0,0,0,0.237,3200000,112000,1,Bandung,100000,Biasa,Ya,2171000,Tidak,Pasif
921,42,L,Belum Menikah,SMA,Karyawan Swasta,7661000,93,16801000,12,12,1,1,0,0.24,13950000,806000,0,Jakarta,100000,Biasa,Ya,8619000,Ya,Aktif
922,43,P,Belum Menikah,SMA,Pedagang,6687000,47,15263000,24,12,0,4,0,0.159,7050000,503000,0,Makassar,100000,Biasa,Tidak,5529000,Tidak,Pasif
923,32,L,Belum Menikah,SMA,Karyawan Swasta,3068000,17,9702000,24,12,0,1,0,0.171,1700000,363000,0,Yogyakarta,100000,Biasa,Ya,987000,Ya,Aktif
924,51,L,Menikah,SMA,Buruh,2734000,34,24455000,48,15,0,0,0,0.286,3400000,180000,1,Surabaya,100000,Biasa,Tidak,1090000,Tidak,Pasif
925,41,L,Menikah,D3,Wiraswasta,6691000,24,29214000,24,11,3,2,0,0.267,3600000,255000,1,Palembang,100000,Biasa,Ya,2272000,Tidak,Aktif
926,39,P,Menikah,S1,Petani,5570000,52,26031000,36,12,0,4,2,0.195,5200000,298000,1,Jakarta,100000,Biasa,Tidak,1265000,Tidak,Pasif
927,28,L,Menikah,S2,PNS,9575000,15,43242000,24,12,0,0,0,0.247,3000000,1025000,0,Surabaya,100000,Biasa,Ya,2851000,Ya,Aktif
928,29,L,Belum Menikah,SMA,Buruh,2559000,90,20791000,48,13,0,1,0,0.242,4500000,1100000,0,Bandung,100000,Biasa,Tidak,2382000,Tidak,Aktif
929,43,L,Menikah,SMA,Nelayan,3048000,63,7810000,12,10,0,3,1,0.234,6300000,171000,0,Yogyakarta,100000,Biasa,Tidak,2986000,Tidak,Pasif
930,30,L,Belum Menikah,SMA,UMKM,5102000,89,24631000,48,13,1,3,0,0.149,8900000,2027000,0,Jakarta,100000,Biasa,Ya,4635000,Tidak,Aktif
931,35,P,Belum Menikah,SMA,Wiraswasta,7229000,22,27008000,36,13,0,2,2,0.14,3300000,1776000,0,Jakarta,100000,Biasa,Ya,3260000,Tidak,Aktif
932,43,P,Belum Menikah,SMA,UMKM,3735000,54,11377000,24,13,0,4,6,0.204,5400000,249000,1,Palembang,100000,Biasa,Ya,3055000,Tidak,Aktif
933,40,L,Belum Menikah,SMA,Petani,2650000,36,13426000,24,12,0,1,0,0.264,1800000,178000,1,Surabaya,100000,Biasa,Tidak,382000,Tidak,Pasif
934,38,P,Menikah,S1,Guru,8957000,59,39855000,36,13,3,0,0,0.315,11800000,1070000,1,Jakarta,100000,Biasa,Tidak,2780000,Ya,Pasif
935,31,P,Menikah,D3,UMKM,4289000,10,25081000,48,13,1,1,0,0.192,1000000,389000,0,Medan,50000,Calon,Ya,1399000,Tidak,Aktif
936,32,L,Belum Menikah,S1,Pedagang,5024000,31,20894000,24,13,0,0,0,0.207,3100000,196000,0,Makassar,100000,Biasa,Ya,4570000,Tidak,Aktif
937,25,L,Belum Menikah,D3,Pedagang,4314000,24,9087000,12,11,2,0,0,0.253,2400000,733000,0,Bandung,100000,Biasa,Ya,5572000,Tidak,Aktif
938,24,L,Belum Menikah,S1,Karyawan Swasta,4671000,22,51381000,48,12,0,0,0,0.332,3300000,790000,0,Palembang,100000,Biasa,Ya,6093000,Ya,Aktif
939,29,P,Belum Menikah,SMA,Buruh,2998000,8,12980000,48,13,0,1,1,0.125,400000,115000,1,Bandung,75000,Calon,Ya,434000,Ya,Aktif
940,31,L,Belum Menikah,D3,Wiraswasta,7600000,45,41419000,24,12,0,1,1,0.297,6750000,940000,1,Jakarta,100000,Biasa,Ya,9056000,Tidak,Aktif
941,34,P,Menikah,SMA,Pedagang,5177000,58,41295000,36,13,1,1,3,0.315,5800000,766000,1,Bandung,100000,Biasa,Tidak,1156000,Tidak,Pasif
942,25,P,Belum Menikah,S1,Pedagang,7409000,5,33968000,48,14,0,0,0,0.173,750000,719000,0,Bandung,75000,Calon,Ya,2408000,Tidak,Aktif
943,34,P,Menikah,SMA,Perawat,5729000,43,28832000,48,12,3,2,2,0.193,6450000,1239000,0,Jakarta,100000,Biasa,Ya,10273000,Tidak,Aktif
944,32,P,Belum Menikah,S1,Guru,6705000,94,17038000,12,11,0,1,0,0.255,18800000,2379000,0,Jakarta,100000,Biasa,Ya,7101000,Ya,Aktif
945,43,P,Menikah,SMA,Pedagang,4744000,55,15649000,24,11,3,1,0,0.218,2750000,533000,0,Palembang,100000,Biasa,Ya,4097000,Tidak,Aktif
946,26,P,Belum Menikah,SMA,Perawat,2963000,41,23994000,60,14,0,0,0,0.236,4100000,528000,0,Semarang,100000,Biasa,Ya,2655000,Ya,Aktif
947,45,L,Belum Menikah,S1,Guru,6978000,51,31220000,24,12,0,1,0,0.241,7650000,1377000,0,Palembang,100000,Biasa,Ya,13880000,Tidak,Aktif
948,36,P,Menikah,S1,Pedagang,6539000,31,33086000,60,13,4,1,0,0.162,4650000,277000,0,Semarang,100000,Biasa,Tidak,0,Tidak,Pasif
949,46,L,Menikah,SMA,Buruh,2638000,19,22225000,48,13,2,1,0,0.29,950000,100000,1,Yogyakarta,100000,Biasa,Tidak,471000,Tidak,Pasif
950,35,L,Menikah,SMA,Nelayan,2527000,20,9855000,24,13,1,1,0,0.214,1000000,247000,0,Surabaya,100000,Biasa,Tidak,706000,Tidak,Aktif
951,31,P,Menikah,D3,Wiraswasta,11034000,43,13948000,12,10,2,2,0,0.144,8600000,1608000,0,Surabaya,100000,Biasa,Ya,15261000,Tidak,Aktif
952,35,L,Belum Menikah,SMA,UMKM,4130000,26,21297000,24,12,0,0,0,0.279,2600000,142000,1,Makassar,100000,Biasa,Ya,1199000,Tidak,Pasif
953,39,P,Menikah,S1,Perawat,5596000,37,20128000,24,11,3,1,0,0.218,3700000,811000,0,Semarang,100000,Biasa,Tidak,4125000,Tidak,Aktif
954,60,P,Menikah,SMA,Karyawan Swasta,5045000,30,23468000,24,12,4,1,0,0.331,3000000,412000,0,Medan,100000,Biasa,Ya,3412000,Ya,Aktif
955,27,P,Belum Menikah,S2,Pedagang,13757000,77,28531000,12,12,0,0,0,0.193,15400000,2572000,0,Jakarta,100000,Biasa,Tidak,13922000,Tidak,Aktif
956,28,L,Menikah,SMA,Nelayan,2503000,70,24628000,48,13,4,0,0,0.321,3500000,648000,1,Yogyakarta,100000,Biasa,Ya,819000,Ya,Aktif
957,30,L,Belum Menikah,SMA,Buruh,2502000,38,9095000,24,13,0,3,0,0.2,1900000,462000,0,Surabaya,100000,Biasa,Tidak,1966000,Tidak,Pasif
958,25,L,Menikah,SMA,Nelayan,2597000,16,3242000,12,11,0,0,0,0.123,800000,156000,0,Semarang,100000,Biasa,Ya,2234000,Tidak,Aktif
959,26,L,Belum Menikah,S2,Perawat,6892000,27,39171000,48,12,1,1,1,0.21,2700000,1070000,0,Surabaya,100000,Biasa,Ya,2825000,Ya,Aktif
960,34,P,Belum Menikah,SMA,Buruh,2557000,8,15598000,36,13,0,0,0,0.232,400000,259000,1,Palembang,50000,Calon,Ya,1567000,Tidak,Aktif
961,52,L,Menikah,S1,Perawat,5235000,55,32650000,48,13,2,1,0,0.332,5500000,1692000,0,Semarang,100000,Biasa,Ya,2772000,Ya,Aktif
962,32,P,Menikah,SMA,Pedagang,5804000,43,13694000,12,12,2,1,0,0.241,2150000,390000,1,Jakarta,100000,Biasa,Tidak,2545000,Tidak,Pasif
963,35,P,Belum Menikah,SMA,Petani,2938000,32,13061000,36,12,1,1,0,0.242,1600000,387000,1,Medan,100000,Biasa,Tidak,1331000,Tidak,Pasif
964,53,P,Menikah,SMA,Karyawan Swasta,5497000,41,15967000,24,12,2,1,1,0.295,4100000,160000,0,Medan,100000,Biasa,Tidak,2717000,Ya,Pasif
965,57,P,Menikah,SMA,UMKM,4731000,49,19009000,48,13,3,0,0,0.179,2450000,326000,0,Yogyakarta,100000,Biasa,Tidak,3710000,Tidak,Aktif
966,36,P,Menikah,SMA,Wiraswasta,11526000,105,58689000,24,13,0,0,0,0.256,21000000,2575000,0,Jakarta,100000,Biasa,Ya,8661000,Tidak,Aktif
967,39,P,Menikah,S1,UMKM,4924000,25,16752000,12,12,1,1,3,0.347,2500000,562000,1,Yogyakarta,100000,Biasa,Ya,2238000,Tidak,Aktif
968,38,L,Menikah,SMA,UMKM,4273000,85,18398000,36,12,0,0,0,0.159,8500000,911000,0,Surabaya,100000,Biasa,Ya,10511000,Tidak,Aktif
969,26,P,Menikah,S2,Karyawan Swasta,11690000,45,84700000,36,12,2,0,0,0.29,9000000,323000,1,Yogyakarta,100000,Biasa,Ya,17482000,Ya,Pasif
970,39,P,Menikah,S1,Pedagang,6344000,42,30975000,36,12,4,0,0,0.297,6300000,1185000,1,Semarang,100000,Biasa,Tidak,1428000,Ya,Pasif
971,27,P,Belum Menikah,S1,Pedagang,9550000,26,82693000,60,14,0,1,1,0.233,5200000,648000,0,Jakarta,100000,Biasa,Tidak,1233000,Tidak,Pasif
972,40,L,Belum Menikah,S2,Guru,8565000,104,85013000,48,12,1,1,0,0.283,20800000,1104000,0,Semarang,100000,Biasa,Ya,6030000,Tidak,Aktif
973,28,P,Belum Menikah,SMA,Karyawan Swasta,4928000,42,16766000,24,12,0,4,3,0.197,4200000,816000,0,Jakarta,100000,Biasa,Tidak,1737000,Ya,Pasif
974,31,P,Belum Menikah,S1,PNS,6486000,47,19100000,12,10,0,5,0,0.274,9400000,1244000,0,Yogyakarta,100000,Biasa,Ya,8048000,Ya,Aktif
975,47,L,Menikah,SMA,UMKM,4319000,41,8477000,12,11,4,1,0,0.271,4100000,538000,1,Jakarta,100000,Biasa,Ya,1573000,Tidak,Aktif
976,35,P,Belum Menikah,S1,Pedagang,8680000,87,48055000,48,14,0,2,0,0.157,17400000,1378000,0,Semarang,100000,Biasa,Ya,10881000,Tidak,Aktif
977,50,P,Menikah,SMA,Karyawan Swasta,7788000,16,42573000,24,12,1,2,0,0.28,1600000,1273000,0,Surabaya,100000,Biasa,Ya,5389000,Ya,Aktif
978,29,L,Belum Menikah,SMA,PNS,3739000,71,23588000,36,12,1,2,0,0.263,10650000,758000,0,Yogyakarta,100000,Biasa,Ya,4054000,Ya,Aktif
979,40,L,Menikah,SMA,Pedagang,5966000,47,24422000,24,12,1,2,0,0.231,4700000,1703000,0,Yogyakarta,100000,Biasa,Ya,1998000,Tidak,Aktif
980,43,P,Menikah,S2,Pedagang,16870000,75,58267000,12,11,2,2,1,0.378,15000000,2328000,1,Jakarta,100000,Biasa,Tidak,16838000,Tidak,Aktif
981,28,L,Belum Menikah,D3,Wiraswasta,5133000,44,21756000,24,12,0,1,0,0.22,6600000,1077000,0,Yogyakarta,100000,Biasa,Ya,3692000,Tidak,Aktif
982,29,P,Belum Menikah,SMA,Petani,2612000,15,6236000,12,11,0,1,0,0.243,750000,141000,0,Yogyakarta,100000,Biasa,Ya,2390000,Tidak,Aktif
983,53,P,Menikah,D3,PNS,6251000,87,8898000,12,11,1,1,0,0.163,8700000,2418000,0,Palembang,100000,Biasa,Ya,1307000,Ya,Aktif
984,31,P,Belum Menikah,SMA,Buruh,2547000,26,10493000,24,13,0,1,1,0.217,1300000,334000,0,Palembang,100000,Biasa,Ya,414000,Ya,Aktif
985,44,P,Cerai,SMA,Buruh,2728000,60,7523000,24,12,0,0,0,0.141,3000000,157000,0,Yogyakarta,100000,Biasa,Tidak,694000,Tidak,Pasif
986,39,P,Menikah,S1,Guru,6880000,70,59573000,48,13,3,0,0,0.276,14000000,1395000,0,Bandung,100000,Biasa,Ya,2688000,Ya,Aktif
987,50,L,Menikah,SMA,Nelayan,3508000,73,13191000,36,13,3,0,0,0.166,3650000,553000,0,Yogyakarta,100000,Biasa,Ya,3536000,Tidak,Aktif
988,34,L,Menikah,SMA,Pedagang,4785000,61,31823000,36,14,1,1,2,0.303,9150000,571000,1,Semarang,100000,Biasa,Ya,3607000,Tidak,Aktif
989,35,P,Belum Menikah,SMA,Buruh,2926000,9,10587000,24,13,0,0,0,0.192,450000,122000,1,Medan,25000,Calon,Tidak,1805000,Tidak,Aktif
990,38,L,Belum Menikah,SMA,UMKM,3738000,114,18550000,36,13,0,0,0,0.176,5700000,538000,0,Surabaya,100000,Biasa,Ya,9293000,Tidak,Aktif
991,34,L,Menikah,SMA,UMKM,5187000,13,43274000,36,12,2,1,0,0.316,1300000,567000,1,Jakarta,100000,Biasa,Tidak,4925000,Tidak,Aktif
992,37,P,Menikah,SMA,Petani,2764000,15,17742000,36,12,2,1,1,0.333,750000,263000,1,Yogyakarta,100000,Biasa,Tidak,1104000,Tidak,Aktif
993,42,P,Menikah,D3,Karyawan Swasta,6469000,35,25759000,36,11,0,0,0,0.172,5250000,538000,0,Palembang,100000,Biasa,Tidak,1014000,Ya,Pasif
994,29,P,Belum Menikah,SMA,Wiraswasta,3628000,41,31378000,48,12,0,0,0,0.27,2050000,819000,1,Palembang,100000,Biasa,Ya,5126000,Tidak,Aktif
995,41,P,Menikah,D3,Wiraswasta,10636000,23,46723000,36,14,0,0,0,0.181,3450000,378000,0,Yogyakarta,100000,Biasa,Ya,1029000,Tidak,Aktif
996,30,L,Belum Menikah,D3,Guru,4682000,14,20280000,36,13,0,0,0,0.175,1400000,356000,0,Medan,100000,Biasa,Ya,1225000,Tidak,Aktif
997,51,L,Menikah,S2,Perawat,8091000,45,12903000,12,10,2,0,0,0.181,6750000,1178000,0,Makassar,100000,Biasa,Ya,5117000,Ya,Aktif
998,37,L,Belum Menikah,D3,PNS,8806000,22,31791000,24,12,0,1,1,0.182,4400000,223000,0,Jakarta,100000,Biasa,Tidak,2131000,Ya,Pasif
999,44,L,Menikah,SMA,Nelayan,3093000,88,13603000,24,13,3,2,4,0.237,4400000,336000,1,Jakarta,100000,Biasa,Ya,5242000,Tidak,Aktif
1000,24,P,Belum Menikah,S1,PNS,6320000,11,49402000,48,13,0,0,0,0.221,2200000,886000,0,Palembang,75000,Calon,Ya,3732000,Ya,Aktif
1001,40,L,Menikah,D3,PNS,5468000,37,27429000,36,11,0,2,1,0.173,3700000,561000,0,Medan,100000,Biasa,Ya,2165000,Ya,Aktif
1002,32,L,Belum Menikah,SMA,UMKM,2815000,16,12391000,36,12,0,1,0,0.199,1600000,684000,0,Yogyakarta,100000,Biasa,Ya,578000,Tidak,Aktif
1003,26,L,Belum Menikah,SMA,Nelayan,2848000,17,9039000,36,13,0,0,0,0.117,1700000,606000,0,Semarang,100000,Biasa,Ya,3704000,Tidak,Aktif
1004,35,P,Belum Menikah,SMA,UMKM,3376000,12,17600000,36,13,3,0,0,0.197,600000,100000,1,Surabaya,100000,Biasa,Ya,569000,Tidak,Pasif
1005,36,P,Menikah,SMA,UMKM,4168000,18,26703000,60,14,2,0,0,0.231,1800000,430000,0,Palembang,100000,Biasa,Ya,1254000,Tidak,Aktif
1006,33,L,Menikah,SMA,Karyawan Swasta,3226000,71,22962000,36,13,0,1,1,0.257,7100000,1126000,0,Yogyakarta,100000,Biasa,Tidak,2388000,Tidak,Aktif
1007,37,P,Menikah,SMA,Petani,3080000,35,20631000,36,13,3,0,0,0.245,1750000,748000,0,Jakarta,100000,Biasa,Ya,3093000,Tidak,Aktif
1008,35,L,Belum Menikah,SMA,Petani,3306000,48,14365000,36,13,0,4,2,0.183,2400000,1072000,0,Jakarta,100000,Biasa,Ya,6924000,Tidak,Aktif
1009,51,L,Menikah,SMA,Karyawan Swasta,5958000,32,24644000,24,12,3,1,1,0.245,4800000,256000,0,Surabaya,100000,Biasa,Ya,1017000,Ya,Pasif
1010,32,P,Menikah,SMA,Buruh,2611000,36,15196000,36,12,1,1,0,0.216,1800000,167000,0,Semarang,100000,Biasa,Ya,1683000,Tidak,Aktif
1011,31,L,Menikah,SMA,Wiraswasta,6308000,40,29870000,24,12,0,2,1,0.232,6000000,448000,1,Surabaya,100000,Biasa,Ya,2001000,Tidak,Aktif
1012,27,P,Menikah,SMA,UMKM,2582000,30,5574000,24,12,0,1,0,0.11,1500000,177000,0,Medan,100000,Biasa,Ya,974000,Ya,Aktif
1013,53,L,Menikah,SMA,Karyawan Swasta,5953000,22,65483000,48,13,3,1,1,0.317,3300000,982000,1,Jakarta,100000,Biasa,Ya,2955000,Ya,Aktif
1014,32,L,Menikah,D3,Pedagang,6728000,108,27277000,36,13,0,2,0,0.155,16200000,2417000,0,Jakarta,100000,Biasa,Ya,3518000,Tidak,Aktif
1015,60,P,Menikah,S1,PNS,9308000,46,15984000,12,12,2,0,0,0.181,9200000,993000,0,Bandung,100000,Biasa,Tidak,0,Ya,Pasif
1016,37,L,Menikah,S1,Wiraswasta,9539000,101,41477000,24,13,1,2,0,0.233,15150000,2131000,0,Surabaya,100000,Biasa,Ya,7681000,Tidak,Aktif
1017,40,L,Belum Menikah,SMA,UMKM,5048000,41,25036000,36,13,0,1,0,0.191,6150000,942000,0,Jakarta,100000,Biasa,Ya,1976000,Tidak,Aktif
1018,24,L,Belum Menikah,D3,Petani,3264000,33,14645000,24,12,0,1,0,0.252,3300000,811000,0,Palembang,100000,Biasa,Ya,2446000,Tidak,Aktif
1019,38,L,Menikah,S2,Karyawan Swasta,8407000,76,27144000,36,12,2,1,0,0.243,11400000,704000,0,Medan,100000,Biasa,Ya,2844000,Ya,Aktif
1020,35,L,Menikah,SMA,PNS,5162000,39,22909000,60,13,0,2,0,0.112,3900000,706000,0,Jakarta,100000,Biasa,Ya,5676000,Ya,Aktif
1021,60,P,Belum Menikah,SMA,Guru,6264000,48,30447000,36,13,0,0,0,0.208,4800000,2138000,0,Jakarta,100000,Biasa,Ya,1172000,Ya,Aktif
1022,44,L,Menikah,S1,Karyawan Swasta,7837000,33,38285000,24,12,3,4,2,0.269,4950000,1726000,0,Palembang,100000,Biasa,Ya,2964000,Ya,Aktif
1023,36,L,Menikah,SMA,Wiraswasta,6269000,64,13652000,24,12,1,1,0,0.132,9600000,645000,0,Yogyakarta,100000,Biasa,Ya,6858000,Tidak,Aktif
1024,32,L,Menikah,SMA,Karyawan Swasta,4122000,34,18847000,24,12,2,0,0,0.291,3400000,509000,0,Medan,100000,Biasa,Ya,999000,Ya,Aktif
1025,39,P,Menikah,D3,Karyawan Swasta,12269000,27,36806000,12,11,0,0,0,0.288,5400000,4386000,0,Palembang,100000,Biasa,Ya,4802000,Ya,Aktif
1026,37,L,Belum Menikah,D3,PNS,6772000,30,42158000,36,12,0,0,0,0.217,6000000,450000,1,Medan,100000,Biasa,Ya,2247000,Ya,Pasif
1027,51,P,Menikah,S1,Karyawan Swasta,5740000,39,33605000,48,12,3,1,0,0.182,3900000,561000,1,Makassar,100000,Biasa,Ya,4807000,Ya,Aktif
1028,37,L,Menikah,SMA,UMKM,2764000,14,12704000,24,12,1,1,0,0.26,700000,283000,1,Yogyakarta,100000,Biasa,Tidak,539000,Tidak,Aktif
1029,47,L,Menikah,D3,Wiraswasta,8057000,55,72462000,48,13,4,1,2,0.284,8250000,1057000,0,Makassar,100000,Biasa,Tidak,1898000,Tidak,Aktif
1030,37,P,Menikah,S2,Perawat,9332000,75,32684000,48,12,3,1,0,0.181,11250000,1861000,0,Surabaya,100000,Biasa,Tidak,3604000,Tidak,Aktif
1031,50,L,Cerai,SMA,Buruh,3344000,46,30184000,60,14,1,2,0,0.248,2300000,776000,0,Semarang,100000,Biasa,Tidak,2062000,Tidak,Aktif
1032,43,P,Menikah,D3,Perawat,6014000,92,44911000,48,12,1,2,1,0.222,9200000,614000,0,Bandung,100000,Biasa,Tidak,5914000,Ya,Pasif
1033,37,P,Menikah,D3,Nelayan,2840000,25,16951000,48,13,3,0,0,0.206,1250000,393000,1,Palembang,100000,Biasa,Ya,2634000,Tidak,Aktif
1034,37,L,Belum Menikah,SMA,Perawat,4136000,36,7595000,12,12,1,1,0,0.196,1800000,236000,0,Yogyakarta,100000,Biasa,Tidak,540000,Ya,Pasif
1035,27,L,Belum Menikah,SMA,Guru,3389000,16,4749000,12,11,0,0,0,0.218,800000,285000,0,Semarang,100000,Biasa,Tidak,1108000,Ya,Pasif
1036,33,P,Belum Menikah,SMA,Wiraswasta,5394000,10,27694000,24,12,1,0,0,0.258,1500000,233000,1,Palembang,25000,Calon,Ya,2125000,Tidak,Aktif
1037,28,P,Belum Menikah,S1,UMKM,5522000,6,22594000,60,13,0,0,0,0.138,900000,102000,0,Surabaya,25000,Calon,Ya,780000,Tidak,Aktif
1038,29,L,Belum Menikah,S2,Wiraswasta,9415000,127,64013000,36,13,0,2,0,0.252,25400000,2635000,0,Makassar,100000,Biasa,Tidak,7257000,Tidak,Pasif
1039,27,P,Belum Menikah,SMA,Wiraswasta,4886000,19,30096000,36,13,0,3,1,0.233,950000,318000,0,Palembang,100000,Biasa,Ya,2360000,Tidak,Aktif
1040,46,L,Belum Menikah,S1,Pedagang,6999000,27,24133000,24,11,1,0,0,0.185,4050000,565000,0,Medan,100000,Biasa,Ya,2699000,Tidak,Aktif
1041,37,P,Menikah,SMA,Wiraswasta,9014000,25,83395000,36,12,2,1,0,0.343,5000000,2444000,0,Bandung,100000,Biasa,Ya,17823000,Tidak,Aktif
1042,34,P,Belum Menikah,SMA,Buruh,2758000,41,18011000,48,14,0,2,1,0.207,2050000,401000,1,Yogyakarta,100000,Biasa,Tidak,814000,Tidak,Aktif
1043,43,L,Belum Menikah,S2,Guru,8327000,31,69671000,48,13,1,1,0,0.251,4650000,755000,1,Yogyakarta,100000,Biasa,Ya,633000,Ya,Pasif
1044,46,L,Belum Menikah,SMA,Karyawan Swasta,4860000,78,13474000,12,11,0,1,0,0.267,11700000,460000,0,Semarang,100000,Biasa,Tidak,4250000,Tidak,Aktif
1045,43,L,Menikah,D3,Guru,4040000,15,8558000,24,12,3,0,0,0.126,750000,788000,0,Palembang,100000,Biasa,Ya,2007000,Ya,Aktif
1046,47,P,Menikah,S2,Perawat,9323000,28,18023000,12,11,1,0,0,0.212,5600000,869000,0,Bandung,100000,Biasa,Tidak,2198000,Ya,Pasif
1047,36,P,Belum Menikah,S1,Pedagang,8064000,58,17132000,24,12,0,0,0,0.106,8700000,1617000,0,Makassar,100000,Biasa,Ya,11726000,Ya,Aktif
1048,54,L,Menikah,D3,Nelayan,2829000,71,3103000,12,11,3,2,0,0.177,3550000,448000,0,Semarang,100000,Biasa,Ya,1548000,Tidak,Aktif
1049,57,P,Menikah,S1,Karyawan Swasta,8771000,55,37208000,48,14,0,3,3,0.138,11000000,1557000,0,Jakarta,100000,Biasa,Ya,16838000,Ya,Aktif
1050,32,L,Belum Menikah,D3,Nelayan,2812000,22,3610000,12,11,0,1,1,0.184,1100000,206000,1,Semarang,100000,Biasa,Ya,1223000,Tidak,Aktif
1051,28,P,Menikah,SMA,Karyawan Swasta,3807000,50,11327000,12,11,2,2,3,0.353,7500000,768000,0,Medan,100000,Biasa,Ya,9874000,Ya,Aktif
1052,34,P,Belum Menikah,S2,UMKM,4140000,43,8266000,12,11,1,0,0,0.213,4300000,867000,0,Palembang,100000,Biasa,Ya,1238000,Tidak,Pasif
1053,35,L,Menikah,SMA,Guru,3733000,65,18394000,36,12,2,1,0,0.233,3250000,736000,0,Bandung,100000,Biasa,Tidak,4844000,Ya,Aktif
1054,55,L,Menikah,S1,Pedagang,6515000,99,29929000,24,11,1,0,0,0.246,9900000,1262000,0,Medan,100000,Biasa,Ya,15674000,Tidak,Aktif
1055,39,L,Belum Menikah,SMA,PNS,3864000,35,42504000,60,13,0,0,0,0.262,3500000,888000,0,Makassar,100000,Biasa,Ya,1685000,Ya,Aktif
1056,27,P,Belum Menikah,S1,Guru,4478000,20,39936000,36,13,1,0,0,0.465,3000000,419000,0,Medan,100000,Biasa,Ya,6536000,Ya,Aktif
1057,33,P,Belum Menikah,S2,Karyawan Swasta,7149000,61,35950000,24,12,0,0,0,0.249,9150000,291000,0,Makassar,100000,Biasa,Tidak,2669000,Tidak,Pasif
1058,32,P,Menikah,S1,PNS,5810000,88,27420000,36,12,4,3,1,0.273,13200000,625000,0,Bandung,100000,Biasa,Ya,2092000,Ya,Pasif
1059,39,L,Menikah,D3,Nelayan,2989000,65,15855000,48,13,3,4,0,0.211,3250000,509000,1,Makassar,100000,Biasa,Ya,3395000,Tidak,Aktif
1060,28,L,Belum Menikah,SMA,Petani,2628000,28,19308000,36,13,0,1,0,0.273,1400000,121000,1,Semarang,100000,Biasa,Ya,2482000,Tidak,Aktif
1061,35,P,Belum Menikah,D3,Buruh,3109000,33,12058000,36,14,0,1,2,0.147,3300000,339000,0,Surabaya,100000,Biasa,Tidak,2721000,Ya,Pasif
1062,35,P,Menikah,S1,Perawat,4724000,57,23798000,36,12,4,1,1,0.251,5700000,684000,0,Medan,100000,Biasa,Ya,3873000,Ya,Aktif
1063,24,L,Belum Menikah,D3,Wiraswasta,5010000,48,51403000,60,14,0,0,0,0.248,7200000,2473000,0,Palembang,100000,Biasa,Ya,1929000,Tidak,Aktif
1064,28,L,Menikah,SMA,Petani,3224000,16,13000000,24,12,1,0,0,0.208,800000,199000,1,Makassar,100000,Biasa,Ya,2287000,Tidak,Aktif
1065,44,P,Menikah,SMA,Karyawan Swasta,5826000,31,22850000,36,13,2,1,0,0.178,3100000,826000,0,Yogyakarta,100000,Biasa,Ya,4347000,Ya,Aktif
1066,28,L,Belum Menikah,D3,UMKM,3192000,39,17578000,36,12,0,2,0,0.202,1950000,551000,0,Palembang,100000,Biasa,Ya,745000,Tidak,Aktif
1067,31,L,Menikah,SMA,Karyawan Swasta,4508000,43,9091000,24,12,1,1,1,0.137,4300000,1316000,0,Surabaya,100000,Biasa,Ya,1859000,Ya,Aktif
1068,31,P,Belum Menikah,S1,Karyawan Swasta,9998000,31,42103000,24,12,0,2,3,0.219,6200000,1302000,0,Bandung,100000,Biasa,Ya,9936000,Ya,Aktif
1069,33,L,Menikah,S2,UMKM,5127000,41,20160000,24,12,2,0,0,0.211,2050000,241000,0,Bandung,100000,Biasa,Ya,2287000,Ya,Pasif
1070,42,L,Menikah,SMA,Buruh,2812000,63,4670000,12,11,1,1,1,0.216,3150000,1543000,0,Makassar,100000,Biasa,Ya,1193000,Tidak,Aktif
1071,36,P,Belum Menikah,D3,Petani,2847000,30,29694000,48,14,0,0,0,0.301,1500000,329000,1,Semarang,100000,Biasa,Tidak,271000,Tidak,Pasif
1072,28,P,Menikah,S1,Karyawan Swasta,7087000,55,23556000,24,13,1,0,0,0.173,8250000,1555000,0,Yogyakarta,100000,Biasa,Tidak,2444000,Ya,Aktif
1073,40,L,Belum Menikah,SMA,PNS,6247000,74,68717000,60,13,0,1,1,0.263,11100000,1369000,0,Surabaya,100000,Biasa,Ya,2382000,Ya,Aktif
1074,53,L,Menikah,SMA,Buruh,2648000,99,9501000,24,12,4,1,1,0.208,9900000,318000,1,Semarang,100000,Biasa,Ya,1304000,Tidak,Aktif
1075,29,L,Belum Menikah,SMA,Karyawan Swasta,5800000,28,54145000,48,13,1,0,0,0.288,2800000,372000,0,Medan,100000,Biasa,Ya,4559000,Tidak,Aktif
1076,31,P,Menikah,SMA,UMKM,4348000,37,5563000,12,11,0,2,2,0.147,3700000,1055000,0,Jakarta,100000,Biasa,Ya,3804000,Tidak,Aktif
1077,29,P,Menikah,S1,PNS,4166000,15,8283000,24,12,0,1,0,0.137,1500000,318000,0,Makassar,100000,Biasa,Ya,1299000,Ya,Aktif
1078,34,P,Menikah,S1,PNS,13182000,179,16583000,12,11,4,1,0,0.139,35800000,7297000,0,Jakarta,100000,Biasa,Tidak,20024000,Ya,Aktif
1079,46,L,Menikah,S1,UMKM,6529000,20,27451000,36,12,3,1,0,0.203,3000000,516000,0,Jakarta,100000,Biasa,Ya,3408000,Ya,Aktif
1080,36,P,Menikah,SMA,Nelayan,2922000,9,5460000,12,11,3,0,0,0.202,450000,199000,1,Jakarta,50000,Calon,Ya,709000,Tidak,Aktif
1081,40,L,Menikah,D3,Wiraswasta,8107000,40,34813000,24,12,3,1,1,0.228,6000000,412000,1,Medan,100000,Biasa,Tidak,2544000,Tidak,Pasif
1082,33,P,Menikah,D3,Pedagang,6268000,41,25002000,24,12,2,1,0,0.224,4100000,625000,0,Yogyakarta,100000,Biasa,Tidak,891000,Tidak,Pasif
1083,57,L,Menikah,SMA,UMKM,4379000,13,22242000,48,13,1,0,0,0.165,650000,745000,0,Makassar,100000,Biasa,Tidak,791000,Tidak,Pasif
1084,29,L,Menikah,SMA,Nelayan,3432000,80,10972000,36,13,0,1,1,0.151,8000000,327000,0,Surabaya,100000,Biasa,Tidak,912000,Tidak,Aktif
1085,31,L,Belum Menikah,S1,PNS,6844000,7,28757000,24,13,0,0,0,0.227,1050000,732000,0,Yogyakarta,100000,Calon,Ya,2186000,Ya,Aktif
1086,35,L,Menikah,D3,Pedagang,3719000,124,28630000,48,14,1,3,0,0.225,6200000,1997000,0,Semarang,100000,Biasa,Ya,2625000,Tidak,Aktif
1087,49,L,Menikah,SMA,Wiraswasta,10884000,104,46576000,24,13,2,2,2,0.234,20800000,875000,0,Bandung,100000,Biasa,Ya,12056000,Tidak,Aktif
1088,44,P,Menikah,SMA,Karyawan Swasta,5178000,57,40799000,48,14,4,1,0,0.38,5700000,1584000,0,Medan,100000,Biasa,Ya,7720000,Ya,Aktif
1089,33,L,Menikah,S1,Karyawan Swasta,4536000,17,13210000,24,12,0,1,2,0.145,850000,430000,0,Makassar,100000,Biasa,Ya,3216000,Ya,Aktif
1090,34,L,Menikah,S1,Karyawan Swasta,8350000,37,25536000,24,11,1,2,1,0.17,7400000,555000,0,Jakarta,100000,Biasa,Ya,962000,Ya,Pasif
1091,35,P,Menikah,SMA,Guru,5202000,153,54087000,60,14,4,4,1,0.407,15300000,2320000,0,Jakarta,100000,Biasa,Ya,7650000,Ya,Aktif
1092,27,P,Menikah,SMA,Nelayan,2677000,25,11402000,60,14,0,2,1,0.136,1250000,426000,0,Semarang,100000,Biasa,Ya,842000,Tidak,Aktif
1093,56,L,Belum Menikah,SMA,Karyawan Swasta,5154000,38,9506000,12,12,1,2,0,0.18,3800000,644000,0,Medan,100000,Biasa,Tidak,2032000,Ya,Aktif
1094,36,L,Belum Menikah,SMA,Karyawan Swasta,4523000,73,49753000,60,14,1,1,0,0.284,7300000,1352000,0,Semarang,100000,Biasa,Ya,3089000,Ya,Aktif
1095,30,L,Belum Menikah,SMA,Pedagang,3522000,97,20227000,36,13,0,1,0,0.222,9700000,569000,0,Bandung,100000,Biasa,Tidak,906000,Tidak,Pasif
1096,30,L,Belum Menikah,SMA,UMKM,2526000,39,7707000,24,12,1,1,1,0.183,1950000,500000,1,Semarang,100000,Biasa,Ya,859000,Tidak,Aktif
1097,29,L,Belum Menikah,S2,Wiraswasta,11966000,100,41253000,36,12,1,1,0,0.14,20000000,1876000,0,Jakarta,100000,Biasa,Ya,13306000,Ya,Aktif
1098,55,P,Menikah,SMA,Wiraswasta,7665000,52,38543000,36,12,3,4,0,0.227,7800000,779000,1,Surabaya,100000,Biasa,Ya,6420000,Tidak,Aktif
1099,34,L,Belum Menikah,SMA,Karyawan Swasta,3692000,47,13446000,24,12,0,0,0,0.185,4700000,1496000,0,Makassar,100000,Biasa,Tidak,1272000,Ya,Aktif
1100,43,L,Belum Menikah,D3,Wiraswasta,8959000,39,14328000,12,12,1,1,0,0.213,7800000,1700000,0,Medan,100000,Biasa,Tidak,5396000,Tidak,Aktif
1101,39,P,Menikah,S1,Karyawan Swasta,10287000,14,62370000,36,12,2,0,0,0.242,2100000,635000,0,Bandung,100000,Biasa,Ya,5135000,Ya,Aktif
1102,34,L,Belum Menikah,SMA,PNS,6785000,107,61196000,60,13,0,1,1,0.249,10700000,867000,0,Jakarta,100000,Biasa,Ya,8209000,Ya,Aktif
1103,26,L,Menikah,SMA,Buruh,2596000,42,12931000,36,13,0,2,1,0.173,4200000,248000,0,Palembang,100000,Biasa,Ya,2001000,Tidak,Aktif
1104,63,L,Menikah,SMA,Perawat,4216000,13,23394000,48,12,2,0,0,0.163,1300000,310000,1,Semarang,100000,Biasa,Tidak,3679000,Tidak,Aktif
1105,36,P,Menikah,SMA,Karyawan Swasta,3913000,136,20130000,24,11,4,3,0,0.377,6800000,1503000,1,Palembang,100000,Biasa,Ya,5440000,Ya,Aktif
1106,49,P,Belum Menikah,SMA,Pedagang,4762000,67,36180000,48,13,2,0,0,0.243,6700000,1037000,1,Bandung,100000,Biasa,Tidak,1311000,Tidak,Pasif
1107,33,P,Belum Menikah,SMA,Karyawan Swasta,5574000,22,20104000,48,13,0,0,0,0.103,2200000,1229000,0,Medan,100000,Biasa,Tidak,659000,Ya,Aktif
1108,47,L,Menikah,S2,Wiraswasta,8083000,56,35257000,24,12,4,1,0,0.245,11200000,1493000,0,Semarang,100000,Biasa,Ya,2975000,Tidak,Aktif
1109,60,P,Menikah,SMA,Karyawan Swasta,6096000,18,11963000,24,12,1,1,1,0.12,2700000,108000,0,Makassar,100000,Biasa,Tidak,0,Tidak,Pasif
1110,31,P,Menikah,SMA,Wiraswasta,5945000,24,41232000,60,13,1,0,0,0.181,3600000,172000,0,Yogyakarta,100000,Biasa,Tidak,0,Tidak,Pasif
1111,40,P,Menikah,SMA,UMKM,2999000,50,12800000,24,12,4,2,2,0.337,2500000,315000,1,Yogyakarta,100000,Biasa,Ya,3466000,Tidak,Aktif
1112,28,L,Menikah,D3,Wiraswasta,6239000,39,28658000,48,13,1,2,1,0.145,3900000,774000,0,Palembang,100000,Biasa,Ya,2810000,Tidak,Aktif
1113,26,L,Belum Menikah,SMA,Nelayan,2711000,10,3667000,12,10,0,1,0,0.136,500000,100000,0,Makassar,75000,Calon,Tidak,483000,Tidak,Pasif
1114,35,P,Belum Menikah,S1,UMKM,5534000,13,16692000,24,12,0,1,0,0.151,1300000,268000,0,Bandung,100000,Biasa,Ya,2186000,Tidak,Aktif
1115,32,P,Belum Menikah,SMA,Wiraswasta,4746000,18,30254000,24,11,0,3,0,0.35,1800000,1113000,0,Semarang,100000,Biasa,Ya,1170000,Tidak,Aktif
1116,34,L,Menikah,S1,Karyawan Swasta,6772000,104,51528000,36,13,3,0,0,0.333,15600000,1546000,0,Makassar,100000,Biasa,Ya,9254000,Ya,Aktif
1117,32,P,Menikah,S1,PNS,6156000,14,45063000,48,13,0,0,0,0.235,2100000,744000,0,Surabaya,100000,Biasa,Ya,3469000,Ya,Aktif
1118,38,L,Menikah,SMA,Karyawan Swasta,2652000,52,24594000,60,13,1,2,0,0.224,2600000,426000,1,Surabaya,100000,Biasa,Ya,237000,Ya,Pasif
1119,50,L,Menikah,SMA,Pedagang,7442000,30,56871000,48,13,3,2,0,0.304,3000000,818000,1,Yogyakarta,100000,Biasa,Ya,5105000,Tidak,Aktif
1120,45,P,Menikah,S1,Wiraswasta,9548000,100,32647000,12,12,3,2,0,0.469,20000000,1189000,1,Semarang,100000,Biasa,Ya,5089000,Tidak,Pasif
1121,44,L,Menikah,D3,Guru,9858000,23,65407000,36,13,1,0,0,0.268,4600000,1281000,0,Jakarta,100000,Biasa,Tidak,2078000,Tidak,Aktif
1122,30,L,Menikah,D3,Pedagang,5940000,29,30948000,36,14,1,0,0,0.19,4350000,387000,0,Yogyakarta,100000,Biasa,Tidak,2892000,Tidak,Aktif
1123,39,L,Belum Menikah,S1,Karyawan Swasta,9195000,57,19434000,12,11,1,0,0,0.208,11400000,2280000,0,Makassar,100000,Biasa,Ya,1331000,Ya,Aktif
1124,64,L,Menikah,SMA,Karyawan Swasta,5487000,117,44215000,36,13,2,2,1,0.365,5850000,1441000,0,Medan,100000,Biasa,Ya,6206000,Ya,Aktif
1125,43,L,Menikah,S1,Karyawan Swasta,9084000,49,15562000,12,10,2,1,1,0.21,9800000,2123000,0,Jakarta,100000,Biasa,Ya,1877000,Ya,Aktif
1126,37,P,Menikah,SMA,UMKM,3752000,26,16740000,24,12,3,1,0,0.306,2600000,490000,1,Bandung,100000,Biasa,Ya,4945000,Tidak,Pasif
1127,35,P,Menikah,SMA,UMKM,3325000,67,21900000,36,12,1,1,0,0.224,6700000,607000,1,Makassar,100000,Biasa,Ya,2912000,Tidak,Pasif
1128,30,L,Belum Menikah,SMA,PNS,3648000,39,4064000,12,12,1,1,0,0.138,1950000,570000,0,Semarang,100000,Biasa,Tidak,3140000,Ya,Aktif
1129,40,L,Menikah,S1,Perawat,6925000,152,25606000,24,11,3,0,0,0.211,22800000,3100000,1,Surabaya,100000,Biasa,Ya,13712000,Ya,Aktif
1130,25,P,Belum Menikah,SMA,Pedagang,3091000,30,13668000,24,11,0,1,0,0.224,1500000,437000,1,Semarang,100000,Biasa,Tidak,1957000,Tidak,Pasif
1131,50,L,Menikah,S2,PNS,19992000,24,51852000,24,12,2,0,0,0.172,4800000,1678000,1,Makassar,100000,Biasa,Tidak,4270000,Ya,Pasif
1132,61,L,Belum Menikah,SMA,UMKM,4892000,60,12632000,24,12,0,1,1,0.144,3000000,1496000,0,Surabaya,100000,Biasa,Ya,2470000,Tidak,Aktif
1133,47,L,Cerai,SMA,UMKM,4520000,24,20281000,24,11,0,0,0,0.251,1200000,323000,1,Bandung,100000,Biasa,Ya,1220000,Tidak,Pasif
1134,41,L,Menikah,S2,Guru,10832000,43,14451000,12,12,3,0,0,0.205,6450000,1453000,0,Surabaya,100000,Biasa,Ya,7859000,Tidak,Aktif
1135,26,P,Menikah,D3,Buruh,2563000,20,9507000,24,11,2,2,2,0.223,1000000,232000,0,Bandung,100000,Biasa,Ya,1083000,Ya,Aktif
1136,32,L,Menikah,D3,Petani,2705000,15,12659000,24,13,1,0,0,0.238,750000,172000,0,Palembang,100000,Biasa,Tidak,746000,Tidak,Aktif
1137,29,L,Belum Menikah,S1,Guru,5419000,43,59609000,48,13,1,0,0,0.328,4300000,389000,0,Bandung,100000,Biasa,Tidak,932000,Ya,Pasif
1138,51,L,Menikah,SMA,Nelayan,2616000,38,6105000,12,11,1,2,1,0.279,1900000,366000,1,Semarang,100000,Biasa,Ya,2174000,Tidak,Aktif
1139,32,L,Belum Menikah,SMA,Karyawan Swasta,4141000,34,21455000,24,12,0,0,0,0.265,3400000,504000,1,Surabaya,100000,Biasa,Ya,6756000,Ya,Aktif
1140,33,L,Menikah,S2,Wiraswasta,15342000,37,101819000,36,13,3,3,0,0.239,5550000,2915000,0,Jakarta,100000,Biasa,Tidak,7764000,Tidak,Aktif
1141,40,P,Menikah,S1,Guru,6750000,129,17510000,12,11,3,1,0,0.298,19350000,2046000,0,Yogyakarta,100000,Biasa,Ya,7111000,Ya,Aktif
1142,31,L,Belum Menikah,S2,Wiraswasta,9600000,62,58365000,48,13,0,0,0,0.189,12400000,1357000,0,Bandung,100000,Biasa,Ya,6416000,Tidak,Aktif
1143,39,P,Menikah,SMA,Petani,3524000,87,28330000,60,14,2,2,3,0.231,4350000,1005000,1,Bandung,100000,Biasa,Ya,3504000,Tidak,Aktif
1144,27,P,Belum Menikah,S1,Pedagang,6188000,24,25693000,24,12,1,2,1,0.223,3600000,120000,1,Semarang,100000,Biasa,Tidak,868000,Tidak,Pasif
1145,29,P,Menikah,SMA,PNS,6188000,17,39034000,48,13,2,2,0,0.192,1700000,343000,1,Jakarta,100000,Biasa,Ya,4601000,Ya,Aktif
1146,49,P,Menikah,SMA,Karyawan Swasta,6150000,16,61167000,60,13,4,0,0,0.391,3200000,719000,1,Surabaya,100000,Biasa,Ya,9672000,Ya,Aktif
1147,41,P,Cerai,S1,Pedagang,8255000,167,55259000,36,12,1,2,1,0.227,16700000,3334000,0,Surabaya,100000,Biasa,Ya,4254000,Tidak,Aktif
1148,33,P,Belum Menikah,SMA,Wiraswasta,5124000,41,7017000,12,10,0,0,0,0.169,4100000,684000,0,Medan,100000,Biasa,Tidak,1050000,Tidak,Pasif
1149,37,P,Cerai,D3,Wiraswasta,7535000,48,17580000,12,10,0,1,0,0.211,7200000,261000,0,Yogyakarta,100000,Biasa,Tidak,2754000,Tidak,Pasif
1150,28,L,Belum Menikah,SMA,Buruh,3232000,96,13019000,36,14,0,1,0,0.189,9600000,630000,0,Yogyakarta,100000,Biasa,Ya,1448000,Tidak,Aktif
1151,43,P,Menikah,S1,Wiraswasta,14195000,15,72931000,36,12,4,0,0,0.228,3000000,753000,0,Surabaya,100000,Biasa,Ya,5227000,Tidak,Aktif
1152,47,P,Menikah,SMA,Buruh,2613000,34,18623000,48,13,1,0,0,0.242,1700000,220000,0,Semarang,100000,Biasa,Tidak,998000,Ya,Aktif
1153,52,L,Menikah,D3,PNS,9511000,114,76764000,48,13,0,2,0,0.23,22800000,1484000,0,Bandung,100000,Biasa,Ya,17562000,Ya,Aktif
1154,34,P,Menikah,SMA,Nelayan,3717000,30,11354000,12,10,1,0,0,0.282,1500000,705000,0,Jakarta,100000,Biasa,Ya,1311000,Tidak,Aktif
1155,45,L,Menikah,SMA,Karyawan Swasta,8240000,23,32585000,24,12,0,0,0,0.197,4600000,458000,0,Surabaya,100000,Biasa,Ya,1588000,Ya,Pasif
1156,30,L,Menikah,SMA,Nelayan,2539000,27,24749000,36,13,2,1,1,0.378,2700000,351000,1,Makassar,100000,Biasa,Ya,1368000,Tidak,Aktif
1157,41,P,Menikah,SMA,Buruh,3602000,18,24441000,24,12,2,0,0,0.434,1800000,193000,1,Jakarta,100000,Biasa,Ya,3850000,Tidak,Aktif
1158,30,P,Belum Menikah,D3,Pedagang,7354000,24,26998000,48,13,0,2,0,0.118,3600000,488000,0,Yogyakarta,100000,Biasa,Ya,3882000,Tidak,Pasif
1159,46,P,Menikah,S1,Guru,5931000,35,20175000,24,11,3,0,0,0.199,3500000,306000,0,Palembang,100000,Biasa,Ya,15687000,Ya,Aktif
1160,34,P,Menikah,SMA,Karyawan Swasta,4738000,13,15640000,24,12,2,2,0,0.203,650000,283000,1,Makassar,100000,Biasa,Tidak,1044000,Ya,Aktif
1161,53,P,Menikah,S1,PNS,8346000,30,11484000,12,11,4,0,0,0.2,4500000,541000,0,Surabaya,100000,Biasa,Ya,5551000,Ya,Aktif
1162,27,P,Belum Menikah,SMA,Petani,3268000,30,33021000,48,14,1,1,1,0.319,1500000,100000,1,Yogyakarta,100000,Biasa,Ya,780000,Tidak,Aktif
1163,43,L,Belum Menikah,SMA,Buruh,2506000,47,10390000,24,13,1,0,0,0.222,2350000,441000,1,Surabaya,100000,Biasa,Ya,2523000,Tidak,Aktif
1164,41,P,Menikah,SMA,UMKM,2724000,14,5476000,12,11,4,1,1,0.263,700000,381000,0,Makassar,100000,Biasa,Tidak,1827000,Tidak,Aktif
1165,47,P,Menikah,SMA,Karyawan Swasta,7545000,70,15379000,12,12,2,0,0,0.346,7000000,1178000,1,Bandung,100000,Biasa,Tidak,2278000,Ya,Pasif
1166,32,P,Menikah,SMA,UMKM,3101000,58,8102000,12,10,2,4,1,0.272,5800000,131000,1,Makassar,100000,Biasa,Ya,4092000,Tidak,Pasif
1167,38,L,Menikah,D3,Buruh,3164000,51,10995000,36,13,1,1,2,0.156,2550000,521000,1,Bandung,100000,Biasa,Tidak,3092000,Tidak,Aktif
1168,32,P,Belum Menikah,S1,Wiraswasta,7074000,74,23879000,24,12,0,0,0,0.187,11100000,1958000,0,Medan,100000,Biasa,Ya,13201000,Tidak,Aktif
1169,37,P,Belum Menikah,S2,PNS,8907000,43,25404000,36,13,0,0,0,0.126,8600000,621000,0,Semarang,100000,Biasa,Ya,5261000,Ya,Aktif
1170,34,L,Belum Menikah,S1,Pedagang,7777000,42,43868000,36,13,0,0,0,0.214,6300000,811000,0,Yogyakarta,100000,Biasa,Ya,5705000,Ya,Aktif
1171,58,P,Menikah,SMA,Nelayan,3249000,26,35739000,48,12,0,0,0,0.305,1300000,931000,0,Bandung,100000,Biasa,Ya,5401000,Tidak,Aktif
1172,51,P,Menikah,SMA,UMKM,6064000,23,27008000,24,12,2,1,0,0.225,3450000,369000,1,Bandung,100000,Biasa,Ya,4858000,Tidak,Aktif
1173,25,L,Belum Menikah,D3,Petani,3340000,23,35275000,48,13,0,1,0,0.303,2300000,561000,1,Surabaya,100000,Biasa,Ya,1637000,Tidak,Aktif
1174,50,L,Menikah,SMA,Wiraswasta,9466000,19,37378000,24,12,2,0,0,0.222,3800000,901000,1,Bandung,100000,Biasa,Ya,3191000,Tidak,Aktif
1175,45,P,Menikah,D3,Petani,3277000,95,13997000,24,12,0,0,0,0.211,4750000,1149000,0,Semarang,100000,Biasa,Ya,790000,Tidak,Aktif
1176,37,L,Belum Menikah,SMA,Pedagang,5153000,34,19253000,48,13,0,2,0,0.114,3400000,1310000,0,Surabaya,100000,Biasa,Ya,3890000,Tidak,Aktif
1177,34,P,Belum Menikah,SMA,Guru,5078000,11,14085000,24,13,1,0,0,0.162,1100000,248000,1,Bandung,100000,Calon,Tidak,1861000,Ya,Aktif
1178,40,L,Menikah,SMA,Petani,2958000,35,16617000,36,12,1,0,0,0.218,1750000,355000,0,Makassar,100000,Biasa,Ya,1604000,Tidak,Aktif
1179,39,P,Menikah,SMA,Karyawan Swasta,4859000,33,18530000,12,10,2,1,0,0.368,3300000,746000,0,Semarang,100000,Biasa,Ya,4684000,Ya,Aktif
1180,38,L,Belum Menikah,D3,UMKM,5353000,75,51782000,36,12,0,6,2,0.338,7500000,1580000,1,Palembang,100000,Biasa,Ya,1867000,Tidak,Aktif
1181,37,P,Menikah,D3,Wiraswasta,7344000,117,66559000,48,12,3,1,0,0.401,23400000,1282000,0,Surabaya,100000,Biasa,Tidak,18318000,Tidak,Aktif
1182,31,P,Belum Menikah,SMA,Buruh,2618000,14,7582000,12,11,0,0,0,0.27,700000,155000,0,Yogyakarta,100000,Biasa,Tidak,0,Tidak,Pasif
1183,54,P,Menikah,SMA,Karyawan Swasta,4288000,22,12981000,24,11,2,2,1,0.165,3300000,325000,0,Palembang,100000,Biasa,Ya,3962000,Ya,Pasif
1184,31,P,Menikah,S1,Guru,6321000,50,12483000,12,11,2,2,0,0.229,10000000,600000,0,Bandung,100000,Biasa,Tidak,3115000,Ya,Aktif
1185,30,P,Belum Menikah,SMA,Karyawan Swasta,5787000,39,23571000,48,13,1,1,0,0.157,3900000,519000,0,Jakarta,100000,Biasa,Tidak,4764000,Ya,Aktif
1186,43,L,Menikah,S1,Perawat,7382000,58,66254000,60,14,1,1,1,0.219,11600000,579000,1,Makassar,100000,Biasa,Ya,10468000,Ya,Aktif
1187,38,P,Belum Menikah,SMA,Nelayan,2997000,76,20274000,36,13,1,2,0,0.282,3800000,927000,0,Makassar,100000,Biasa,Tidak,1171000,Tidak,Aktif
1188,28,L,Belum Menikah,S1,Wiraswasta,6888000,69,19398000,24,11,0,0,0,0.203,10350000,2116000,0,Yogyakarta,100000,Biasa,Ya,3850000,Tidak,Aktif
1189,23,P,Belum Menikah,S1,Wiraswasta,8702000,17,65837000,60,14,1,0,0,0.33,2550000,1245000,0,Makassar,100000,Biasa,Ya,8039000,Ya,Aktif
1190,29,L,Belum Menikah,SMA,Petani,2642000,22,10978000,48,13,1,2,0,0.141,1100000,295000,0,Medan,100000,Biasa,Ya,667000,Tidak,Aktif
1191,35,P,Menikah,SMA,Nelayan,3339000,27,31881000,60,14,1,0,0,0.241,1350000,430000,1,Makassar,100000,Biasa,Ya,1408000,Tidak,Aktif
1192,39,L,Belum Menikah,SMA,UMKM,4475000,46,41430000,48,13,1,1,1,0.273,4600000,438000,1,Bandung,100000,Biasa,Ya,1339000,Tidak,Aktif
1193,29,P,Menikah,S1,Pedagang,7968000,47,37599000,24,12,1,1,1,0.269,7050000,601000,0,Yogyakarta,100000,Biasa,Tidak,2900000,Tidak,Pasif
1194,65,P,Menikah,S1,UMKM,10029000,77,20320000,12,11,3,2,0,0.225,15400000,1271000,0,Jakarta,100000,Biasa,Ya,10243000,Ya,Aktif
1195,29,L,Belum Menikah,SMA,Petani,2592000,30,4263000,12,12,0,0,0,0.157,1500000,212000,1,Medan,100000,Biasa,Ya,3227000,Tidak,Aktif
1196,41,L,Menikah,SMA,Karyawan Swasta,4902000,64,25894000,36,13,2,3,1,0.212,6400000,129000,0,Medan,100000,Biasa,Tidak,893000,Ya,Pasif
1197,44,P,Cerai,D3,Nelayan,3052000,92,19818000,60,14,0,0,0,0.168,9200000,631000,0,Yogyakarta,100000,Biasa,Ya,3244000,Tidak,Aktif
1198,31,P,Menikah,SMA,Buruh,2592000,36,18773000,60,14,1,0,0,0.239,1800000,100000,0,Medan,100000,Biasa,Tidak,792000,Tidak,Pasif
1199,45,L,Menikah,D3,Karyawan Swasta,5426000,49,59686000,48,12,3,1,0,0.349,4900000,1297000,1,Palembang,100000,Biasa,Ya,1453000,Ya,Aktif
1200,48,L,Menikah,D3,Petani,3611000,40,15913000,48,13,4,0,0,0.199,2000000,177000,1,Palembang,100000,Biasa,Tidak,1244000,Tidak,Aktif
1201,32,L,Belum Menikah,D3,Petani,3453000,23,25470000,36,14,0,0,0,0.257,1150000,273000,0,Yogyakarta,100000,Biasa,Ya,5493000,Tidak,Aktif
1202,30,P,Menikah,S1,Wiraswasta,7512000,7,36759000,24,13,1,1,0,0.284,700000,1051000,1,Yogyakarta,50000,Calon,Ya,4396000,Tidak,Aktif
1203,31,L,Menikah,D3,Petani,4146000,29,10617000,24,12,1,0,0,0.139,2900000,465000,0,Palembang,100000,Biasa,Ya,6647000,Tidak,Aktif
1204,42,P,Menikah,S1,PNS,8656000,52,57030000,36,12,1,1,0,0.258,10400000,645000,0,Yogyakarta,100000,Biasa,Tidak,5977000,Ya,Aktif
1205,31,P,Belum Menikah,D3,PNS,6247000,25,68717000,60,14,1,1,1,0.286,3750000,792000,1,Surabaya,100000,Biasa,Ya,5470000,Ya,Aktif
1206,45,L,Menikah,S1,PNS,7258000,30,34420000,36,11,3,0,0,0.226,4500000,1738000,0,Semarang,100000,Biasa,Ya,2078000,Ya,Aktif
1207,28,P,Belum Menikah,SMA,Nelayan,2521000,49,18953000,48,13,1,0,0,0.278,2450000,349000,1,Jakarta,100000,Biasa,Tidak,0,Tidak,Pasif
1208,26,L,Menikah,SMA,Karyawan Swasta,4174000,8,15640000,24,12,1,0,0,0.2,800000,419000,1,Yogyakarta,25000,Calon,Ya,5005000,Ya,Aktif
1209,33,L,Menikah,D3,UMKM,4658000,57,27499000,24,12,1,1,0,0.297,5700000,836000,0,Yogyakarta,100000,Biasa,Ya,3702000,Tidak,Aktif
1210,32,P,Belum Menikah,S1,Karyawan Swasta,6099000,33,18983000,24,12,0,2,2,0.176,4950000,432000,0,Jakarta,100000,Biasa,Ya,3426000,Ya,Pasif
1211,51,P,Menikah,SMA,Nelayan,3235000,39,17442000,36,12,0,1,0,0.213,1950000,216000,0,Medan,100000,Biasa,Ya,1179000,Tidak,Aktif
1212,51,L,Menikah,SMA,Karyawan Swasta,4464000,75,16784000,24,12,4,0,0,0.317,7500000,1302000,0,Medan,100000,Biasa,Ya,4228000,Ya,Aktif
1213,38,P,Belum Menikah,SMA,UMKM,2987000,13,10138000,12,11,0,0,0,0.328,650000,100000,1,Semarang,100000,Biasa,Ya,1093000,Tidak,Aktif
1214,27,L,Belum Menikah,D3,Nelayan,3096000,31,15039000,24,12,1,1,0,0.287,3100000,374000,0,Yogyakarta,100000,Biasa,Ya,2935000,Tidak,Aktif
1215,33,P,Belum Menikah,S1,Karyawan Swasta,5308000,36,57888000,60,13,0,1,0,0.272,3600000,534000,0,Yogyakarta,100000,Biasa,Tidak,2586000,Tidak,Aktif
1216,40,P,Menikah,SMA,Nelayan,3584000,78,3944000,12,11,3,1,1,0.132,3900000,363000,0,Jakarta,100000,Biasa,Tidak,2140000,Tidak,Pasif
1217,36,P,Belum Menikah,SMA,UMKM,4543000,141,20375000,48,13,0,2,0,0.144,14100000,1985000,0,Yogyakarta,100000,Biasa,Ya,2481000,Tidak,Aktif
1218,32,L,Belum Menikah,S1,Guru,6030000,39,28285000,36,12,0,0,0,0.168,7800000,334000,0,Yogyakarta,100000,Biasa,Ya,5545000,Ya,Aktif
1219,60,P,Menikah,SMA,Karyawan Swasta,6566000,36,48205000,36,12,3,1,0,0.312,5400000,555000,1,Surabaya,100000,Biasa,Ya,2311000,Ya,Aktif
1220,35,L,Menikah,SMA,Petani,4193000,59,10947000,24,12,1,3,2,0.148,2950000,1155000,1,Bandung,100000,Biasa,Ya,1586000,Tidak,Aktif
1221,35,P,Menikah,SMA,Buruh,2565000,7,11000000,36,14,0,1,0,0.153,350000,100000,0,Palembang,50000,Calon,Ya,1151000,Tidak,Aktif
1222,47,L,Menikah,S1,Karyawan Swasta,10119000,27,17696000,12,11,3,1,0,0.198,5400000,1325000,0,Surabaya,100000,Biasa,Tidak,0,Ya,Pasif
1223,48,P,Menikah,SMA,Karyawan Swasta,9329000,16,45603000,48,13,2,0,0,0.161,2400000,357000,0,Yogyakarta,100000,Biasa,Tidak,5031000,Ya,Pasif
1224,40,L,Belum Menikah,SMA,PNS,4754000,63,21637000,48,13,0,3,2,0.13,6300000,827000,1,Surabaya,100000,Biasa,Ya,2516000,Ya,Aktif
1225,32,P,Belum Menikah,SMA,UMKM,3768000,34,35015000,48,13,0,1,0,0.255,1700000,664000,0,Bandung,100000,Biasa,Ya,2934000,Tidak,Aktif
1226,53,L,Menikah,SMA,Pedagang,9840000,39,21742000,12,12,3,1,1,0.238,7800000,775000,0,Jakarta,100000,Biasa,Tidak,1632000,Ya,Pasif
1227,37,P,Menikah,D3,UMKM,5154000,104,14260000,36,13,1,2,2,0.128,15600000,3495000,0,Jakarta,100000,Biasa,Tidak,4720000,Tidak,Aktif
1228,29,P,Belum Menikah,SMA,PNS,3947000,23,4608000,12,11,1,1,1,0.172,1150000,152000,0,Semarang,100000,Biasa,Tidak,733000,Ya,Pasif
1229,30,L,Belum Menikah,S1,UMKM,3696000,45,17554000,36,12,0,0,0,0.168,2250000,280000,0,Palembang,100000,Biasa,Tidak,4498000,Tidak,Aktif
1230,37,P,Menikah,SMA,UMKM,3689000,104,16583000,48,14,4,2,2,0.205,5200000,1167000,0,Palembang,100000,Biasa,Ya,1346000,Tidak,Aktif
1231,37,P,Menikah,SMA,Buruh,2911000,94,12127000,36,12,2,1,0,0.153,4700000,1318000,1,Palembang,100000,Biasa,Ya,2125000,Tidak,Aktif
1232,35,P,Cerai,SMA,PNS,4817000,34,47918000,36,12,1,1,0,0.334,3400000,100000,0,Medan,100000,Biasa,Tidak,1343000,Ya,Pasif
1233,32,L,Menikah,D3,Pedagang,6067000,31,49171000,36,12,0,0,0,0.295,4650000,1436000,1,Surabaya,100000,Biasa,Tidak,416000,Ya,Pasif
1234,41,L,Menikah,D3,Buruh,3268000,25,10559000,24,13,3,0,0,0.228,1250000,210000,1,Palembang,100000,Biasa,Tidak,1060000,Tidak,Pasif
1235,30,L,Belum Menikah,SMA,Pedagang,4196000,53,7738000,12,12,0,0,0,0.178,5300000,776000,0,Yogyakarta,100000,Biasa,Tidak,774000,Tidak,Pasif
1236,40,P,Cerai,S2,Karyawan Swasta,11501000,54,38942000,24,11,0,0,0,0.216,10800000,2555000,0,Palembang,100000,Biasa,Ya,7668000,Tidak,Aktif
1237,38,L,Belum Menikah,SMA,Karyawan Swasta,4596000,69,9115000,12,12,0,0,0,0.232,6900000,764000,0,Palembang,100000,Biasa,Tidak,2812000,Tidak,Pasif
1238,25,P,Belum Menikah,SMA,UMKM,3088000,29,14321000,24,13,0,0,0,0.26,1450000,571000,0,Medan,100000,Biasa,Tidak,125000,Tidak,Aktif
1239,39,P,Belum Menikah,D3,Nelayan,3584000,21,23113000,60,14,0,0,0,0.16,1050000,942000,0,Surabaya,100000,Biasa,Tidak,317000,Tidak,Aktif
1240,53,L,Menikah,D3,Wiraswasta,12660000,38,37983000,24,12,3,1,0,0.207,7600000,2061000,0,Medan,100000,Biasa,Ya,7191000,Tidak,Aktif
1241,32,P,Belum Menikah,SMA,Pedagang,6924000,69,25466000,36,13,0,0,0,0.138,10350000,861000,0,Jakarta,100000,Biasa,Ya,14916000,Tidak,Aktif
1242,41,P,Menikah,SMA,Buruh,2540000,49,15772000,60,13,1,0,0,0.219,2450000,294000,1,Jakarta,100000,Biasa,Tidak,281000,Tidak,Pasif
1243,32,P,Belum Menikah,SMA,UMKM,3536000,64,25229000,48,13,0,0,0,0.204,3200000,849000,0,Bandung,100000,Biasa,Ya,1562000,Tidak,Aktif
1244,30,L,Belum Menikah,SMA,Wiraswasta,3926000,45,21715000,36,14,0,2,1,0.227,4500000,356000,0,Medan,100000,Biasa,Ya,1005000,Tidak,Aktif
1245,28,L,Belum Menikah,S1,Guru,5190000,46,26102000,36,13,0,1,0,0.181,4600000,338000,0,Surabaya,100000,Biasa,Tidak,2493000,Ya,Pasif
1246,28,L,Menikah,SMA,UMKM,3249000,36,9969000,24,11,1,3,1,0.17,1800000,467000,0,Bandung,100000,Biasa,Ya,1546000,Tidak,Aktif
1247,28,L,Belum Menikah,D3,Nelayan,2523000,37,26828000,60,14,1,2,0,0.255,3700000,458000,0,Medan,100000,Biasa,Tidak,835000,Tidak,Aktif
1248,26,P,Belum Menikah,S1,Karyawan Swasta,4340000,52,11660000,12,11,1,1,0,0.287,2600000,853000,0,Palembang,100000,Biasa,Tidak,202000,Tidak,Pasif
1249,43,L,Belum Menikah,SMA,Karyawan Swasta,5941000,15,11486000,12,12,1,2,1,0.189,2250000,497000,0,Surabaya,100000,Biasa,Ya,4111000,Ya,Aktif
1250,38,L,Belum Menikah,S1,Guru,6217000,19,59219000,48,13,0,3,1,0.278,2850000,1089000,1,Palembang,100000,Biasa,Ya,1246000,Ya,Aktif
1251,24,P,Belum Menikah,SMA,Wiraswasta,5908000,15,50223000,36,13,0,1,1,0.291,2250000,548000,0,Medan,100000,Biasa,Tidak,455000,Tidak,Pasif
1252,32,L,Menikah,SMA,Buruh,3036000,66,12061000,24,12,3,1,0,0.232,3300000,1044000,1,Bandung,100000,Biasa,Tidak,1153000,Tidak,Aktif
1253,42,L,Menikah,SMA,Pedagang,4255000,52,22346000,24,13,3,4,3,0.304,5200000,548000,1,Surabaya,100000,Biasa,Ya,1507000,Tidak,Aktif
1254,32,P,Belum Menikah,SMA,Wiraswasta,3960000,53,11252000,12,11,1,0,0,0.338,5300000,317000,0,Semarang,100000,Biasa,Tidak,3650000,Tidak,Aktif
1255,43,L,Menikah,S1,PNS,10907000,19,88451000,36,12,1,1,2,0.308,3800000,349000,0,Medan,100000,Biasa,Tidak,9881000,Ya,Aktif
1256,34,L,Belum Menikah,S1,Wiraswasta,7473000,36,52754000,48,13,0,2,0,0.202,5400000,2426000,1,Makassar,100000,Biasa,Ya,8652000,Tidak,Aktif
1257,29,L,Menikah,S1,Karyawan Swasta,5635000,26,23051000,60,13,1,2,1,0.123,2600000,334000,0,Semarang,100000,Biasa,Ya,1909000,Ya,Pasif
1258,34,P,Belum Menikah,SMA,Perawat,3815000,9,31512000,60,13,0,0,0,0.205,1350000,132000,0,Surabaya,100000,Calon,Ya,1573000,Ya,Pasif
1259,27,L,Menikah,D3,Karyawan Swasta,3911000,48,5329000,12,11,1,0,0,0.15,7200000,424000,0,Yogyakarta,100000,Biasa,Ya,1127000,Ya,Aktif
1260,27,L,Menikah,D3,Petani,2863000,33,6708000,24,12,2,0,0,0.232,1650000,100000,1,Yogyakarta,100000,Biasa,Ya,925000,Tidak,Pasif
1261,39,L,Belum Menikah,S2,Pedagang,11197000,95,58412000,24,12,0,0,0,0.289,14250000,595000,1,Jakarta,100000,Biasa,Tidak,6905000,Tidak,Aktif
1262,35,L,Belum Menikah,SMA,Karyawan Swasta,3230000,71,7603000,12,11,0,2,0,0.23,3550000,1455000,0,Medan,100000,Biasa,Ya,2557000,Ya,Aktif
1263,34,P,Menikah,SMA,Petani,2526000,55,5189000,12,11,2,0,0,0.215,5500000,387000,1,Makassar,100000,Biasa,Ya,1224000,Tidak,Aktif
1264,27,P,Belum Menikah,SMA,Pedagang,3025000,31,18503000,24,12,0,1,0,0.301,1550000,136000,0,Makassar,100000,Biasa,Ya,2223000,Tidak,Pasif
1265,50,L,Menikah,SMA,UMKM,4278000,26,26120000,36,12,2,0,0,0.315,1300000,411000,1,Jakarta,100000,Biasa,Ya,1219000,Tidak,Aktif
1266,32,P,Belum Menikah,D3,Karyawan Swasta,7556000,34,70942000,60,14,1,1,0,0.232,5100000,328000,0,Bandung,100000,Biasa,Tidak,908000,Ya,Pasif
1267,30,P,Menikah,SMA,Petani,2696000,12,8369000,24,12,0,1,0,0.172,600000,279000,1,Semarang,100000,Biasa,Tidak,545000,Tidak,Aktif
1268,24,P,Belum Menikah,S2,Wiraswasta,9709000,14,69234000,60,12,0,1,0,0.221,2100000,947000,0,Jakarta,100000,Biasa,Tidak,6179000,Tidak,Aktif
1269,41,P,Menikah,SMA,Karyawan Swasta,7016000,71,57656000,48,14,4,1,1,0.269,10650000,1624000,1,Yogyakarta,100000,Biasa,Tidak,4454000,Ya,Aktif
1270,55,P,Menikah,S2,Karyawan Swasta,11844000,51,60035000,60,13,3,2,0,0.164,7650000,1470000,0,Yogyakarta,100000,Biasa,Ya,6481000,Ya,Aktif
1271,34,P,Menikah,SMA,UMKM,3382000,103,8079000,12,11,2,1,0,0.25,5150000,977000,1,Semarang,100000,Biasa,Ya,7706000,Ya,Aktif
1272,35,P,Menikah,SMA,Buruh,2731000,16,22990000,60,14,4,1,1,0.317,800000,145000,1,Yogyakarta,100000,Biasa,Ya,2498000,Tidak,Aktif
1273,33,L,Menikah,SMA,Buruh,3397000,72,16358000,60,13,2,2,1,0.162,3600000,498000,0,Surabaya,100000,Biasa,Ya,0,Tidak,Pasif
1274,31,P,Belum Menikah,SMA,Karyawan Swasta,3332000,40,14029000,36,12,1,0,0,0.154,2000000,302000,0,Palembang,100000,Biasa,Tidak,3142000,Ya,Aktif
1275,34,L,Belum Menikah,SMA,Pedagang,4625000,20,20515000,24,11,0,0,0,0.226,1000000,184000,0,Makassar,100000,Biasa,Tidak,0,Tidak,Pasif
1276,26,P,Belum Menikah,S1,Perawat,4700000,10,10182000,24,13,0,1,1,0.12,500000,505000,0,Palembang,100000,Calon,Ya,2600000,Tidak,Pasif
1277,32,P,Belum Menikah,S1,Nelayan,3798000,40,26395000,36,12,1,0,0,0.282,6000000,463000,1,Medan,100000,Biasa,Ya,4727000,Tidak,Aktif
1278,33,P,Menikah,D3,Buruh,3859000,33,21399000,48,13,1,1,0,0.232,3300000,756000,1,Yogyakarta,100000,Biasa,Ya,2258000,Tidak,Aktif
1279,25,L,Belum Menikah,D3,Pedagang,4541000,12,15005000,36,13,0,0,0,0.141,1800000,132000,0,Semarang,100000,Biasa,Ya,3132000,Tidak,Pasif
1280,29,P,Menikah,SMA,Petani,2780000,35,26929000,48,12,0,1,0,0.268,1750000,125000,1,Yogyakarta,100000,Biasa,Tidak,683000,Tidak,Pasif
1281,51,L,Menikah,SMA,PNS,6007000,37,33676000,24,12,0,0,0,0.297,5550000,698000,1,Palembang,100000,Biasa,Ya,8123000,Ya,Aktif
1282,65,L,Menikah,SMA,UMKM,4279000,53,10275000,12,10,4,1,0,0.289,2650000,924000,0,Makassar,100000,Biasa,Ya,5710000,Tidak,Aktif
1283,27,L,Belum Menikah,SMA,UMKM,3238000,30,21364000,60,13,0,2,0,0.212,1500000,203000,1,Surabaya,100000,Biasa,Tidak,809000,Tidak,Pasif
1284,39,L,Belum Menikah,SMA,Nelayan,2597000,59,18820000,48,13,0,1,0,0.222,2950000,918000,0,Jakarta,100000,Biasa,Ya,1870000,Tidak,Aktif
1285,38,P,Menikah,SMA,Nelayan,2628000,37,24683000,48,14,1,1,1,0.286,1850000,258000,0,Makassar,100000,Biasa,Tidak,2419000,Tidak,Pasif
1286,58,L,Menikah,D3,Pedagang,8039000,54,29451000,36,13,3,0,0,0.201,8100000,954000,0,Bandung,100000,Biasa,Tidak,2667000,Tidak,Aktif
1287,48,P,Menikah,S1,Guru,6499000,44,13695000,12,11,1,0,0,0.222,6600000,715000,0,Makassar,100000,Biasa,Ya,3816000,Ya,Aktif
1288,32,P,Belum Menikah,SMA,Petani,2721000,44,21336000,36,12,1,0,0,0.268,2200000,317000,0,Semarang,100000,Biasa,Ya,1281000,Tidak,Aktif
1289,54,P,Menikah,SMA,Karyawan Swasta,5146000,54,43383000,60,14,3,1,0,0.254,2700000,973000,0,Palembang,100000,Biasa,Ya,5190000,Ya,Aktif
1290,44,P,Menikah,SMA,UMKM,3722000,20,27533000,48,15,1,0,0,0.226,1000000,774000,1,Makassar,100000,Biasa,Ya,2424000,Tidak,Aktif
1291,37,L,Menikah,D3,PNS,10153000,21,87743000,60,13,1,2,0,0.213,4200000,489000,0,Bandung,100000,Biasa,Tidak,1050000,Ya,Pasif
1292,42,P,Menikah,S1,Karyawan Swasta,6549000,31,40786000,48,13,3,0,0,0.241,4650000,850000,0,Palembang,100000,Biasa,Ya,9123000,Ya,Aktif
1293,33,L,Belum Menikah,SMA,Wiraswasta,6801000,66,19169000,24,13,0,1,0,0.189,9900000,1125000,0,Jakarta,100000,Biasa,Ya,9887000,Tidak,Aktif
1294,35,L,Menikah,S1,Petani,3084000,56,7900000,12,12,2,1,0,0.264,2800000,403000,1,Semarang,100000,Biasa,Tidak,547000,Tidak,Pasif
1295,33,L,Menikah,S1,PNS,11259000,63,30238000,24,12,1,0,0,0.187,12600000,1319000,0,Bandung,100000,Biasa,Tidak,4314000,Ya,Pasif
1296,37,P,Menikah,S2,Guru,6705000,7,21054000,48,14,1,0,0,0.188,700000,182000,0,Yogyakarta,75000,Calon,Tidak,4157000,Ya,Pasif
1297,37,L,Belum Menikah,D3,Petani,2852000,35,7376000,12,12,0,3,1,0.239,1750000,239000,0,Medan,100000,Biasa,Ya,935000,Tidak,Aktif
1298,35,P,Menikah,S2,Guru,9850000,149,49211000,36,12,2,0,0,0.294,29800000,5079000,0,Jakarta,100000,Biasa,Tidak,9909000,Ya,Aktif
1299,43,L,Menikah,S1,Guru,5466000,37,42357000,48,14,3,2,2,0.232,3700000,1035000,0,Palembang,100000,Biasa,Ya,5572000,Ya,Aktif
1300,49,P,Menikah,D3,Petani,4426000,9,24440000,36,13,1,0,0,0.213,1350000,261000,0,Makassar,50000,Calon,Ya,1378000,Tidak,Aktif
1301,38,L,Menikah,D3,Perawat,5164000,40,32572000,48,12,1,1,0,0.207,2000000,629000,0,Yogyakarta,100000,Biasa,Ya,6712000,Ya,Aktif
1302,38,P,Menikah,SMA,Pedagang,7808000,29,22063000,12,12,4,0,0,0.321,5800000,1229000,1,Makassar,100000,Biasa,Ya,6565000,Tidak,Aktif
1303,48,L,Menikah,SMA,Karyawan Swasta,5080000,74,7673000,12,11,2,1,0,0.183,7400000,400000,0,Palembang,100000,Biasa,Tidak,2314000,Ya,Pasif
1304,31,P,Belum Menikah,SMA,PNS,7044000,33,21279000,24,11,0,1,0,0.169,6600000,659000,0,Jakarta,100000,Biasa,Ya,6341000,Ya,Aktif
1305,28,P,Menikah,SMA,Nelayan,2806000,11,7541000,24,12,1,1,0,0.144,1100000,169000,1,Surabaya,50000,Calon,Ya,1425000,Tidak,Aktif
1306,39,P,Menikah,S1,Karyawan Swasta,6455000,9,26070000,36,13,1,1,1,0.16,900000,185000,0,Yogyakarta,100000,Calon,Ya,2100000,Ya,Aktif
1307,41,P,Menikah,S1,Wiraswasta,11238000,11,35907000,24,12,1,0,0,0.161,2200000,763000,1,Jakarta,50000,Calon,Ya,4192000,Tidak,Aktif
1308,45,P,Menikah,SMA,Petani,2680000,19,19917000,48,12,3,2,0,0.257,950000,123000,1,Bandung,100000,Biasa,Tidak,1568000,Tidak,Aktif
1309,52,P,Menikah,SMA,Petani,3556000,118,5209000,12,11,0,4,2,0.155,11800000,727000,0,Medan,100000,Biasa,Ya,2639000,Tidak,Aktif
1310,37,L,Belum Menikah,S1,Guru,6436000,71,22091000,48,14,0,1,0,0.118,7100000,1292000,0,Makassar,100000,Biasa,Ya,10000000,Tidak,Aktif
1311,25,L,Menikah,D3,Karyawan Swasta,3214000,31,7495000,24,12,0,1,0,0.147,3100000,181000,0,Yogyakarta,100000,Biasa,Tidak,398000,Ya,Pasif
1312,25,P,Belum Menikah,SMA,Petani,2572000,23,13984000,24,13,0,0,0,0.295,1150000,100000,1,Makassar,100000,Biasa,Tidak,1193000,Tidak,Aktif
1313,57,L,Menikah,S1,UMKM,7650000,17,30980000,24,12,1,1,1,0.228,3400000,412000,0,Jakarta,100000,Biasa,Ya,4574000,Tidak,Aktif
1314,35,L,Belum Menikah,SMA,Perawat,5222000,42,10821000,12,11,0,0,0,0.196,2100000,199000,0,Jakarta,100000,Biasa,Ya,1852000,Tidak,Pasif
1315,34,P,Menikah,D3,Nelayan,3157000,46,9351000,36,13,4,3,0,0.155,4600000,642000,1,Yogyakarta,100000,Biasa,Ya,1143000,Tidak,Aktif
1316,32,P,Belum Menikah,S1,Pedagang,10908000,60,39118000,24,12,1,2,0,0.196,9000000,1485000,0,Medan,100000,Biasa,Ya,24612000,Tidak,Aktif
1317,23,L,Belum Menikah,S1,UMKM,4348000,12,30800000,48,13,0,0,0,0.209,1200000,100000,0,Yogyakarta,100000,Biasa,Ya,1971000,Tidak,Aktif
1318,40,P,Belum Menikah,S1,Pedagang,4423000,40,34656000,60,14,0,1,1,0.198,4000000,551000,0,Semarang,100000,Biasa,Tidak,2012000,Tidak,Aktif
1319,47,P,Menikah,SMA,Guru,5615000,27,42768000,48,13,1,1,0,0.223,1350000,494000,0,Palembang,100000,Biasa,Tidak,685000,Ya,Pasif
1320,34,L,Menikah,D3,PNS,5611000,22,34278000,36,13,1,0,0,0.23,2200000,1477000,0,Palembang,100000,Biasa,Ya,7925000,Ya,Aktif
1321,30,L,Belum Menikah,SMA,Wiraswasta,6539000,46,9935000,12,12,0,1,1,0.17,6900000,952000,0,Surabaya,100000,Biasa,Tidak,8087000,Tidak,Aktif
1322,38,P,Menikah,S1,Karyawan Swasta,7638000,10,47548000,48,13,4,1,0,0.209,1500000,864000,0,Jakarta,50000,Calon,Tidak,3011000,Ya,Aktif
1323,36,L,Belum Menikah,S1,Nelayan,2638000,86,22623000,60,15,1,4,6,0.239,4300000,869000,1,Surabaya,100000,Biasa,Ya,1900000,Tidak,Aktif
1324,35,P,Menikah,SMA,Petani,3135000,56,5755000,12,11,3,1,0,0.25,5600000,195000,0,Jakarta,100000,Biasa,Tidak,1295000,Tidak,Pasif
1325,31,L,Menikah,SMA,Buruh,2860000,30,27834000,60,13,1,1,0,0.282,1500000,151000,1,Makassar,100000,Biasa,Tidak,795000,Tidak,Pasif
1326,29,L,Belum Menikah,S1,Karyawan Swasta,9113000,25,79864000,36,12,0,0,0,0.31,5000000,505000,0,Makassar,100000,Biasa,Ya,16796000,Ya,Aktif
1327,40,L,Belum Menikah,SMA,Karyawan Swasta,5156000,26,27109000,24,11,1,0,0,0.286,2600000,233000,0,Palembang,100000,Biasa,Ya,3210000,Ya,Pasif
1328,55,P,Belum Menikah,D3,UMKM,5497000,56,40421000,48,13,0,0,0,0.246,5600000,612000,0,Palembang,100000,Biasa,Ya,3798000,Tidak,Aktif
1329,32,P,Belum Menikah,D3,Karyawan Swasta,7918000,78,31340000,24,13,0,3,2,0.217,11700000,1360000,0,Jakarta,100000,Biasa,Ya,6975000,Ya,Aktif
1330,35,P,Menikah,SMA,Pedagang,5614000,20,14203000,12,12,1,0,0,0.335,1000000,876000,1,Makassar,100000,Biasa,Ya,4367000,Tidak,Aktif
1331,36,P,Belum Menikah,SMA,Buruh,2605000,59,10341000,24,13,0,2,2,0.2,2950000,588000,0,Semarang,100000,Biasa,Ya,1895000,Tidak,Aktif
1332,35,L,Belum Menikah,S2,Buruh,4025000,18,5090000,12,11,0,0,0,0.139,1800000,170000,0,Jakarta,100000,Biasa,Tidak,584000,Tidak,Pasif
1333,28,P,Menikah,SMA,Karyawan Swasta,3510000,17,16563000,24,12,2,0,0,0.24,850000,120000,0,Yogyakarta,100000,Biasa,Tidak,0,Ya,Pasif
1334,35,L,Menikah,S1,PNS,7010000,49,27324000,24,12,4,2,1,0.221,9800000,448000,0,Makassar,100000,Biasa,Ya,7115000,Ya,Aktif
1335,38,P,Menikah,S2,UMKM,5634000,41,8436000,12,11,1,1,0,0.142,6150000,417000,0,Medan,100000,Biasa,Tidak,1431000,Tidak,Pasif
1336,32,P,Belum Menikah,S2,UMKM,4287000,52,24297000,60,14,0,3,4,0.147,2600000,358000,0,Surabaya,100000,Biasa,Ya,1377000,Tidak,Aktif
1337,46,P,Menikah,SMA,Perawat,3798000,67,19504000,24,13,1,0,0,0.273,6700000,401000,0,Palembang,100000,Biasa,Tidak,132000,Ya,Pasif
1338,37,L,Menikah,S1,Wiraswasta,10565000,26,18478000,12,11,3,0,0,0.259,5200000,1127000,0,Makassar,100000,Biasa,Ya,3994000,Tidak,Aktif
1339,58,P,Menikah,S1,Wiraswasta,10583000,34,72910000,60,13,1,1,0,0.221,5100000,2559000,0,Palembang,100000,Biasa,Ya,3578000,Tidak,Aktif
1340,30,L,Menikah,SMA,UMKM,3259000,19,25674000,36,12,0,1,0,0.274,950000,117000,0,Surabaya,100000,Biasa,Tidak,0,Tidak,Pasif
1341,49,P,Menikah,SMA,Nelayan,3325000,67,15039000,36,13,3,3,2,0.275,3350000,355000,1,Surabaya,100000,Biasa,Ya,6494000,Tidak,Aktif
1342,49,P,Menikah,D3,Nelayan,3434000,68,30702000,60,15,1,2,0,0.235,3400000,1148000,0,Palembang,100000,Biasa,Tidak,1335000,Tidak,Aktif
1343,31,P,Belum Menikah,S1,Guru,4364000,131,29832000,24,13,0,1,0,0.338,13100000,453000,0,Palembang,100000,Biasa,Ya,2868000,Tidak,Aktif
1344,40,L,Menikah,D3,UMKM,4259000,34,46849000,60,15,2,2,1,0.292,3400000,281000,1,Makassar,100000,Biasa,Ya,5367000,Tidak,Aktif
1345,30,P,Belum Menikah,SMA,Wiraswasta,6917000,59,50532000,36,12,0,1,0,0.31,8850000,1169000,0,Surabaya,100000,Biasa,Ya,3925000,Tidak,Aktif
1346,33,P,Menikah,D3,UMKM,3966000,17,16697000,24,13,1,1,0,0.226,2550000,234000,1,Yogyakarta,100000,Biasa,Ya,1263000,Tidak,Aktif
1347,56,L,Menikah,S1,Guru,8202000,75,50716000,48,13,3,1,1,0.241,11250000,2503000,0,Surabaya,100000,Biasa,Ya,6075000,Ya,Aktif
1348,37,P,Belum Menikah,SMA,Karyawan Swasta,4562000,52,15346000,12,11,0,1,1,0.328,5200000,470000,0,Bandung,100000,Biasa,Tidak,2782000,Ya,Aktif
1349,33,L,Menikah,SMA,Karyawan Swasta,5758000,47,15753000,12,10,2,1,0,0.318,4700000,2398000,0,Makassar,100000,Biasa,Ya,4433000,Ya,Aktif
1350,38,L,Cerai,S1,Karyawan Swasta,11421000,73,45758000,36,12,0,0,0,0.143,10950000,1661000,0,Bandung,100000,Biasa,Ya,12150000,Ya,Aktif
1351,35,P,Belum Menikah,S1,UMKM,4874000,26,15035000,24,11,0,1,0,0.166,2600000,242000,0,Surabaya,100000,Biasa,Tidak,1416000,Tidak,Pasif
1352,32,L,Belum Menikah,SMA,Pedagang,5792000,25,15999000,24,13,1,0,0,0.156,2500000,334000,0,Semarang,100000,Biasa,Ya,3748000,Tidak,Aktif
1353,44,P,Menikah,SMA,Wiraswasta,11123000,63,15715000,12,11,4,1,1,0.159,9450000,2130000,0,Jakarta,100000,Biasa,Ya,24788000,Tidak,Aktif
1354,42,P,Belum Menikah,S1,Perawat,7236000,101,29643000,36,12,0,1,0,0.165,15150000,1524000,0,Medan,100000,Biasa,Ya,5657000,Ya,Aktif
1355,34,L,Menikah,SMA,Buruh,2659000,30,5350000,12,12,1,1,0,0.202,1500000,112000,0,Makassar,100000,Biasa,Tidak,0,Tidak,Pasif
1356,31,P,Belum Menikah,S2,Karyawan Swasta,10365000,31,24678000,12,11,0,1,0,0.224,4650000,728000,0,Makassar,100000,Biasa,Ya,4532000,Ya,Pasif
1357,36,L,Menikah,SMA,Nelayan,2564000,64,12669000,60,14,2,1,0,0.223,3200000,196000,1,Medan,100000,Biasa,Ya,2400000,Tidak,Aktif
1358,31,P,Menikah,SMA,Guru,3556000,28,25083000,24,12,2,2,0,0.366,2800000,587000,1,Medan,100000,Biasa,Tidak,2582000,Ya,Aktif
1359,33,P,Belum Menikah,SMA,Pedagang,6624000,97,37895000,60,14,1,0,0,0.171,14550000,1295000,0,Medan,100000,Biasa,Tidak,1117000,Tidak,Aktif
1360,65,L,Menikah,SMA,Perawat,4518000,81,35741000,36,12,0,1,2,0.286,4050000,367000,0,Palembang,100000,Biasa,Ya,6518000,Ya,Aktif
1361,29,L,Belum Menikah,SMA,Petani,2964000,17,16105000,24,12,0,1,0,0.315,850000,242000,1,Yogyakarta,100000,Biasa,Ya,744000,Tidak,Pasif
1362,40,L,Belum Menikah,SMA,UMKM,4265000,66,20066000,24,13,0,1,0,0.238,6600000,255000,0,Palembang,100000,Biasa,Tidak,1453000,Tidak,Pasif
1363,45,L,Menikah,S1,PNS,10988000,23,39795000,24,13,2,2,1,0.226,3450000,1163000,0,Surabaya,100000,Biasa,Ya,4704000,Ya,Aktif
1364,32,P,Belum Menikah,D3,Buruh,2785000,93,16336000,48,12,1,2,2,0.18,4650000,568000,0,Yogyakarta,100000,Biasa,Ya,4331000,Tidak,Aktif
1365,43,L,Menikah,SMA,Pedagang,5420000,42,25512000,24,12,3,3,1,0.256,4200000,1194000,0,Semarang,100000,Biasa,Ya,1824000,Tidak,Aktif
1366,40,P,Menikah,SMA,Buruh,2741000,45,7274000,24,12,1,1,0,0.132,4500000,192000,0,Palembang,100000,Biasa,Tidak,418000,Tidak,Pasif
1367,39,P,Belum Menikah,D3,Nelayan,3268000,29,12483000,36,13,1,2,0,0.171,1450000,315000,1,Palembang,100000,Biasa,Tidak,656000,Tidak,Aktif
1368,32,L,Belum Menikah,D3,UMKM,4168000,26,13892000,24,12,0,0,0,0.18,3900000,122000,0,Medan,100000,Biasa,Ya,5487000,Tidak,Aktif
1369,27,P,Belum Menikah,SMA,Petani,2587000,28,12240000,24,12,1,0,0,0.276,2800000,259000,1,Yogyakarta,100000,Biasa,Ya,768000,Tidak,Aktif
1370,42,L,Menikah,SMA,Petani,2707000,57,4230000,12,11,4,2,0,0.174,2850000,432000,0,Semarang,100000,Biasa,Tidak,0,Tidak,Pasif
1371,39,P,Menikah,S2,Guru,8885000,33,14673000,12,11,3,0,0,0.207,6600000,1515000,0,Medan,100000,Biasa,Ya,3672000,Ya,Aktif
1372,32,P,Belum Menikah,S1,Karyawan Swasta,8816000,66,15521000,12,11,1,1,0,0.2,9900000,1948000,0,Yogyakarta,100000,Biasa,Ya,7033000,Ya,Aktif
1373,49,P,Menikah,SMA,UMKM,2851000,39,12002000,48,13,2,0,0,0.203,1950000,450000,0,Semarang,100000,Biasa,Ya,3142000,Tidak,Aktif
1374,28,P,Menikah,SMA,Pedagang,5535000,9,21208000,24,12,1,1,2,0.23,450000,489000,1,Medan,25000,Calon,Ya,6231000,Tidak,Aktif
1375,31,L,Belum Menikah,SMA,PNS,5083000,72,6251000,12,11,0,0,0,0.159,7200000,1344000,0,Medan,100000,Biasa,Ya,3996000,Ya,Aktif
1376,45,P,Menikah,D3,Buruh,2603000,65,19451000,48,12,2,1,0,0.253,6500000,640000,0,Bandung,100000,Biasa,Tidak,774000,Tidak,Aktif
1377,41,P,Menikah,SMA,Buruh,3359000,45,13890000,24,11,4,0,0,0.285,4500000,129000,1,Jakarta,100000,Biasa,Tidak,569000,Ya,Pasif
1378,42,P,Menikah,S1,Guru,8014000,38,53572000,36,12,1,1,0,0.258,3800000,329000,0,Makassar,100000,Biasa,Ya,504000,Ya,Pasif
1379,65,P,Menikah,SMA,Wiraswasta,5923000,68,16618000,24,12,1,0,0,0.2,10200000,578000,0,Yogyakarta,100000,Biasa,Ya,5695000,Tidak,Aktif
1380,32,P,Belum Menikah,S1,Guru,6414000,20,68236000,60,13,0,1,1,0.247,3000000,932000,0,Semarang,100000,Biasa,Ya,8477000,Ya,Aktif
1381,31,L,Belum Menikah,D3,Karyawan Swasta,5734000,23,41323000,24,12,1,0,0,0.354,3450000,457000,0,Palembang,100000,Biasa,Ya,7243000,Ya,Aktif
1382,34,P,Belum Menikah,D3,UMKM,4956000,102,6639000,12,12,1,1,2,0.15,10200000,438000,0,Jakarta,100000,Biasa,Ya,3834000,Tidak,Aktif
1383,32,L,Belum Menikah,D3,Guru,5014000,55,9966000,12,12,0,3,2,0.253,8250000,665000,0,Surabaya,100000,Biasa,Ya,7021000,Ya,Aktif
1384,31,L,Menikah,SMA,Buruh,2575000,20,10071000,36,13,1,0,0,0.143,1000000,366000,0,Yogyakarta,100000,Biasa,Ya,1953000,Tidak,Aktif
1385,42,P,Belum Menikah,S1,Guru,8057000,18,14075000,12,11,2,1,0,0.201,2700000,636000,0,Makassar,100000,Biasa,Tidak,1892000,Ya,Pasif
1386,45,L,Menikah,SMA,UMKM,5427000,29,28705000,48,13,3,3,2,0.186,2900000,881000,0,Palembang,100000,Biasa,Tidak,4666000,Tidak,Pasif
1387,34,P,Belum Menikah,SMA,Nelayan,3219000,47,22832000,36,12,0,2,0,0.268,2350000,255000,0,Bandung,100000,Biasa,Ya,1110000,Tidak,Aktif
1388,36,L,Belum Menikah,S2,Wiraswasta,10375000,38,55156000,24,11,0,3,1,0.266,7600000,1213000,0,Bandung,100000,Biasa,Ya,1967000,Tidak,Pasif
1389,32,L,Belum Menikah,S1,Petani,4255000,27,10763000,12,11,0,2,0,0.258,2700000,314000,0,Surabaya,100000,Biasa,Ya,975000,Tidak,Pasif
1390,35,P,Menikah,SMA,Nelayan,2965000,46,5230000,12,13,3,3,0,0.194,2300000,211000,0,Surabaya,100000,Biasa,Tidak,1541000,Tidak,Pasif
1391,52,P,Menikah,S1,Karyawan Swasta,5552000,91,29014000,48,13,2,3,1,0.154,9100000,715000,0,Medan,100000,Biasa,Ya,6458000,Tidak,Aktif
1392,45,L,Menikah,SMA,UMKM,3784000,31,15197000,24,12,3,1,1,0.239,3100000,704000,1,Semarang,100000,Biasa,Ya,1246000,Tidak,Aktif
1393,32,L,Menikah,SMA,Pedagang,5196000,49,10400000,12,12,1,0,0,0.274,7350000,309000,0,Jakarta,100000,Biasa,Tidak,1163000,Tidak,Pasif
1394,35,L,Belum Menikah,SMA,Karyawan Swasta,3870000,35,14451000,24,13,0,3,2,0.19,3500000,240000,0,Makassar,100000,Biasa,Tidak,834000,Tidak,Pasif
1395,49,L,Menikah,SMA,Perawat,3637000,20,13336000,24,11,2,0,0,0.202,1000000,465000,0,Makassar,100000,Biasa,Ya,2093000,Ya,Aktif
1396,25,L,Belum Menikah,SMA,Buruh,2782000,7,5815000,12,11,0,0,0,0.216,350000,156000,1,Yogyakarta,25000,Calon,Tidak,631000,Tidak,Pasif
1397,52,P,Menikah,D3,PNS,5587000,35,52712000,60,13,2,0,0,0.259,1750000,546000,0,Yogyakarta,100000,Biasa,Ya,4990000,Ya,Aktif
1398,36,P,Menikah,SMA,Wiraswasta,4467000,39,14902000,24,11,2,2,2,0.174,3900000,147000,1,Semarang,100000,Biasa,Tidak,1969000,Tidak,Aktif
1399,25,P,Belum Menikah,SMA,Petani,2879000,28,20898000,60,14,1,2,1,0.196,1400000,244000,1,Bandung,100000,Biasa,Ya,2431000,Tidak,Aktif
1400,33,P,Belum Menikah,SMA,Petani,3539000,69,11015000,36,12,0,2,0,0.132,3450000,266000,0,Surabaya,100000,Biasa,Ya,2195000,Tidak,Aktif
1401,39,L,Menikah,SMA,Pedagang,6157000,77,41543000,36,12,3,0,0,0.276,11550000,515000,0,Bandung,100000,Biasa,Ya,7979000,Ya,Aktif
1402,47,L,Menikah,SMA,Nelayan,2518000,108,4512000,12,11,2,2,1,0.225,5400000,274000,0,Makassar,100000,Biasa,Ya,3215000,Tidak,Aktif
1403,28,L,Belum Menikah,S1,Wiraswasta,10447000,24,36951000,24,12,1,1,1,0.212,4800000,526000,0,Bandung,100000,Biasa,Ya,3290000,Tidak,Aktif
1404,33,L,Menikah,SMA,Karyawan Swasta,5866000,36,46869000,48,13,3,1,0,0.29,7200000,692000,1,Medan,100000,Biasa,Tidak,7224000,Ya,Aktif
1405,39,L,Menikah,D3,Buruh,3294000,77,13556000,48,13,2,1,1,0.137,7700000,789000,0,Surabaya,100000,Biasa,Ya,4896000,Tidak,Aktif
1406,39,P,Belum Menikah,SMA,Pedagang,7343000,39,33192000,24,12,0,0,0,0.274,3900000,867000,0,Jakarta,100000,Biasa,Ya,1435000,Tidak,Aktif
1407,39,P,Menikah,D3,Karyawan Swasta,7405000,66,22791000,12,11,1,1,1,0.295,9900000,1146000,0,Palembang,100000,Biasa,Ya,9709000,Ya,Aktif
1408,47,P,Belum Menikah,S1,Pedagang,5832000,60,30446000,36,13,0,2,0,0.202,3000000,287000,0,Makassar,100000,Biasa,Ya,6071000,Tidak,Aktif
1409,33,L,Belum Menikah,S1,Guru,6799000,89,37580000,24,12,1,0,0,0.304,13350000,2883000,0,Makassar,100000,Biasa,Ya,8501000,Ya,Aktif
1410,30,P,Belum Menikah,SMA,Karyawan Swasta,4191000,54,26982000,24,12,0,1,0,0.323,5400000,148000,0,Palembang,100000,Biasa,Tidak,2826000,Ya,Pasif
1411,38,P,Menikah,S1,Guru,6502000,28,10044000,12,12,2,4,4,0.192,2800000,414000,1,Semarang,100000,Biasa,Ya,1299000,Ya,Aktif
1412,37,P,Menikah,S1,Wiraswasta,6325000,82,40938000,36,12,3,3,0,0.302,12300000,297000,0,Semarang,100000,Biasa,Ya,6219000,Tidak,Aktif
1413,26,L,Belum Menikah,SMA,Karyawan Swasta,3154000,30,7828000,12,10,1,0,0,0.268,1500000,638000,1,Surabaya,100000,Biasa,Tidak,512000,Tidak,Pasif
1414,32,P,Belum Menikah,S2,Karyawan Swasta,7807000,24,41273000,24,13,0,0,0,0.3,2400000,167000,1,Semarang,100000,Biasa,Ya,1144000,Ya,Pasif
1415,29,L,Menikah,S1,PNS,4262000,60,12624000,24,12,4,0,0,0.161,6000000,591000,0,Jakarta,100000,Biasa,Ya,1401000,Ya,Aktif
1416,43,L,Menikah,S2,Perawat,12782000,14,72600000,60,14,0,0,0,0.14,2800000,400000,0,Jakarta,100000,Biasa,Ya,8582000,Ya,Aktif
1417,40,P,Menikah,S1,Karyawan Swasta,11405000,24,21296000,12,11,2,1,0,0.251,3600000,1862000,0,Jakarta,100000,Biasa,Ya,4981000,Tidak,Aktif
1418,35,L,Menikah,SMA,Wiraswasta,4407000,23,30377000,60,14,1,0,0,0.271,2300000,426000,0,Semarang,100000,Biasa,Tidak,1447000,Tidak,Pasif
1419,65,P,Menikah,S1,UMKM,10695000,31,43109000,24,12,0,0,0,0.224,6200000,1708000,0,Jakarta,100000,Biasa,Ya,11460000,Tidak,Aktif
1420,41,P,Belum Menikah,D3,Buruh,3041000,7,11902000,60,13,0,1,0,0.12,350000,116000,0,Bandung,75000,Calon,Ya,1038000,Tidak,Aktif
1421,26,P,Menikah,S1,Wiraswasta,5565000,24,15389000,12,11,0,2,0,0.28,2400000,320000,1,Semarang,100000,Biasa,Tidak,549000,Tidak,Pasif
1422,34,P,Menikah,SMA,Karyawan Swasta,2544000,53,12320000,36,12,1,0,0,0.19,2650000,185000,0,Semarang,100000,Biasa,Ya,777000,Ya,Aktif
1423,38,P,Menikah,D3,Karyawan Swasta,6535000,105,18427000,12,11,2,1,0,0.414,15750000,2018000,0,Palembang,100000,Biasa,Ya,4735000,Ya,Aktif
1424,45,P,Menikah,SMA,PNS,3629000,29,15871000,24,11,3,0,0,0.23,1450000,466000,1,Yogyakarta,100000,Biasa,Tidak,830000,Ya,Aktif
1425,36,L,Menikah,S1,UMKM,5503000,40,12517000,12,11,2,1,1,0.249,2000000,1018000,0,Bandung,100000,Biasa,Ya,3204000,Tidak,Aktif
1426,32,P,Belum Menikah,D3,Wiraswasta,6223000,37,25017000,36,13,0,0,0,0.158,5550000,460000,0,Palembang,100000,Biasa,Ya,1073000,Tidak,Aktif
1427,30,P,Belum Menikah,S1,PNS,10933000,80,38778000,24,13,1,1,2,0.182,16000000,2406000,0,Bandung,100000,Biasa,Ya,10323000,Ya,Aktif
1428,39,L,Menikah,S1,Pedagang,7861000,126,56395000,60,14,2,1,0,0.229,18900000,1548000,0,Makassar,100000,Biasa,Ya,7534000,Tidak,Aktif
1429,28,P,Belum Menikah,D3,Buruh,2975000,29,20547000,36,12,1,1,0,0.259,1450000,243000,0,Jakarta,100000,Biasa,Ya,367000,Ya,Aktif
1430,35,L,Belum Menikah,S1,Guru,9695000,20,42635000,36,12,0,0,0,0.158,4000000,1038000,0,Bandung,100000,Biasa,Ya,3096000,Ya,Aktif
1431,30,P,Belum Menikah,S1,Wiraswasta,9195000,76,52786000,36,13,0,4,2,0.217,15200000,3597000,0,Bandung,100000,Biasa,Ya,7468000,Tidak,Aktif
1432,43,P,Menikah,SMA,Pedagang,6829000,44,34748000,36,13,2,3,2,0.217,8800000,346000,0,Jakarta,100000,Biasa,Tidak,1815000,Tidak,Pasif
1433,53,P,Menikah,S1,Guru,6858000,101,45606000,60,14,3,0,0,0.198,20200000,1716000,0,Makassar,100000,Biasa,Ya,3701000,Tidak,Aktif
1434,44,L,Menikah,D3,PNS,4636000,72,26202000,36,13,3,0,0,0.271,10800000,1056000,0,Makassar,100000,Biasa,Ya,2508000,Ya,Aktif
1435,62,P,Menikah,S1,Karyawan Swasta,7276000,87,27714000,24,12,3,3,0,0.235,13050000,826000,0,Yogyakarta,100000,Biasa,Tidak,4975000,Tidak,Aktif
1436,30,P,Menikah,S1,Karyawan Swasta,7031000,53,77341000,48,13,2,0,0,0.333,5300000,418000,0,Semarang,100000,Biasa,Ya,1133000,Ya,Pasif
1437,27,P,Belum Menikah,S1,PNS,7259000,22,50658000,48,13,0,2,0,0.2,3300000,371000,0,Bandung,100000,Biasa,Ya,871000,Ya,Aktif
1438,43,P,Menikah,S1,Karyawan Swasta,6847000,34,30444000,48,14,2,2,2,0.151,5100000,843000,0,Palembang,100000,Biasa,Ya,3706000,Ya,Aktif
1439,29,P,Menikah,SMA,Karyawan Swasta,4023000,23,29571000,36,12,1,2,0,0.274,3450000,1504000,0,Surabaya,100000,Biasa,Ya,5371000,Ya,Aktif
1440,33,P,Belum Menikah,S1,PNS,4692000,61,44304000,48,13,0,4,2,0.26,9150000,917000,0,Palembang,100000,Biasa,Ya,16364000,Ya,Aktif
1441,35,L,Menikah,S1,Guru,8667000,58,26467000,36,12,2,0,0,0.157,11600000,1271000,0,Surabaya,100000,Biasa,Ya,12662000,Ya,Aktif
1442,48,P,Menikah,SMA,Wiraswasta,7013000,115,77143000,48,13,2,2,0,0.314,17250000,1443000,0,Makassar,100000,Biasa,Tidak,5543000,Tidak,Aktif
1443,51,P,Menikah,SMA,Nelayan,2932000,34,11807000,24,11,2,0,0,0.22,3400000,885000,0,Medan,100000,Biasa,Ya,4040000,Tidak,Aktif
1444,28,P,Menikah,SMA,Karyawan Swasta,5288000,19,28295000,36,13,1,0,0,0.3,1900000,394000,0,Yogyakarta,100000,Biasa,Ya,469000,Ya,Pasif
1445,29,P,Belum Menikah,D3,Buruh,3972000,27,30368000,36,13,0,1,0,0.266,2700000,322000,1,Jakarta,100000,Biasa,Tidak,2579000,Tidak,Pasif
1446,34,P,Belum Menikah,D3,Petani,4709000,87,20407000,24,13,0,0,0,0.236,4350000,1741000,0,Surabaya,100000,Biasa,Ya,909000,Tidak,Pasif
1447,25,L,Belum Menikah,SMA,Petani,2561000,31,8415000,24,12,1,4,0,0.188,1550000,246000,0,Semarang,100000,Biasa,Tidak,2236000,Tidak,Aktif
1448,26,P,Belum Menikah,D3,UMKM,3372000,13,25740000,48,13,0,0,0,0.216,650000,420000,0,Jakarta,100000,Biasa,Ya,1147000,Tidak,Aktif
1449,35,P,Belum Menikah,D3,Nelayan,3875000,35,11415000,24,11,0,0,0,0.146,3500000,474000,0,Jakarta,100000,Biasa,Tidak,3557000,Ya,Aktif
1450,39,L,Menikah,S1,PNS,13393000,72,99892000,60,13,1,2,0,0.193,14400000,1459000,0,Jakarta,100000,Biasa,Tidak,6916000,Ya,Aktif
1451,43,L,Menikah,SMA,Karyawan Swasta,3882000,52,40118000,60,13,4,2,0,0.303,2600000,1450000,1,Yogyakarta,100000,Biasa,Ya,6860000,Ya,Aktif
1452,29,P,Belum Menikah,SMA,Nelayan,3029000,25,4499000,12,12,0,2,1,0.146,1250000,160000,0,Makassar,100000,Biasa,Tidak,218000,Tidak,Pasif
1453,32,L,Menikah,SMA,Buruh,3175000,100,22546000,60,12,3,3,0,0.202,5000000,3059000,0,Makassar,100000,Biasa,Ya,870000,Tidak,Aktif
1454,40,L,Menikah,D3,Petani,3511000,149,15673000,24,11,2,3,1,0.244,7450000,3081000,1,Palembang,100000,Biasa,Tidak,3447000,Tidak,Aktif
1455,32,P,Belum Menikah,SMA,Wiraswasta,6648000,75,11720000,12,11,0,1,1,0.217,11250000,796000,1,Bandung,100000,Biasa,Ya,4534000,Tidak,Aktif
1456,34,P,Belum Menikah,S1,Perawat,4973000,47,15525000,24,11,0,3,0,0.156,4700000,469000,0,Yogyakarta,100000,Biasa,Ya,3283000,Ya,Aktif
1457,30,L,Menikah,S1,Perawat,7495000,10,41088000,36,12,3,2,2,0.231,1500000,508000,0,Surabaya,25000,Calon,Ya,7017000,Ya,Aktif
1458,44,P,Menikah,D3,PNS,7331000,22,38798000,24,12,4,1,0,0.299,3300000,874000,1,Medan,100000,Biasa,Ya,1333000,Ya,Aktif
1459,42,L,Belum Menikah,SMA,Wiraswasta,6783000,61,50984000,36,13,0,0,0,0.275,9150000,1020000,1,Bandung,100000,Biasa,Tidak,2858000,Tidak,Pasif
1460,36,P,Menikah,S1,Guru,4446000,32,20819000,24,12,1,1,1,0.24,3200000,503000,0,Medan,100000,Biasa,Ya,1726000,Ya,Aktif
1461,25,L,Menikah,SMA,UMKM,2505000,22,11868000,36,13,0,1,1,0.174,2200000,162000,0,Semarang,100000,Biasa,Ya,808000,Tidak,Pasif
1462,25,L,Belum Menikah,D3,Nelayan,2739000,56,14769000,36,13,1,4,0,0.307,2800000,326000,1,Palembang,100000,Biasa,Ya,884000,Tidak,Pasif
1463,42,L,Menikah,SMA,Buruh,2603000,52,6375000,12,11,2,1,0,0.265,2600000,110000,0,Surabaya,100000,Biasa,Ya,1569000,Tidak,Aktif
1464,41,P,Menikah,SMA,UMKM,2686000,19,12063000,36,12,1,2,0,0.173,950000,206000,0,Semarang,100000,Biasa,Ya,2053000,Tidak,Aktif
1465,32,L,Menikah,S1,Guru,6203000,37,37372000,24,12,2,1,0,0.306,5550000,884000,0,Jakarta,100000,Biasa,Ya,1299000,Ya,Pasif
1466,44,L,Menikah,SMA,UMKM,4061000,42,18160000,24,12,2,1,0,0.23,4200000,602000,0,Palembang,100000,Biasa,Ya,1529000,Tidak,Aktif
1467,42,P,Menikah,D3,Petani,5153000,67,27140000,48,14,2,1,0,0.187,6700000,295000,0,Jakarta,100000,Biasa,Ya,3197000,Tidak,Aktif
1468,32,L,Belum Menikah,SMA,Karyawan Swasta,4551000,98,14050000,24,12,0,2,0,0.177,14700000,926000,0,Semarang,100000,Biasa,Tidak,1642000,Ya,Aktif
1469,31,L,Belum Menikah,SMA,Karyawan Swasta,7154000,16,44487000,24,12,1,1,0,0.319,2400000,301000,1,Jakarta,100000,Biasa,Tidak,0,Ya,Pasif
1470,29,L,Belum Menikah,D3,UMKM,3234000,16,20852000,24,10,1,0,0,0.334,800000,141000,0,Palembang,100000,Biasa,Ya,343000,Tidak,Pasif
1471,24,P,Belum Menikah,S1,UMKM,3912000,10,9393000,12,11,0,0,0,0.232,1000000,100000,0,Palembang,25000,Calon,Ya,1485000,Ya,Pasif
1472,30,L,Belum Menikah,S1,Perawat,8972000,5,34408000,24,12,0,0,0,0.194,1000000,464000,0,Jakarta,100000,Calon,Ya,1616000,Ya,Pasif
1473,35,L,Menikah,SMA,Guru,4792000,30,17318000,36,12,3,2,1,0.249,3000000,588000,0,Yogyakarta,100000,Biasa,Ya,5918000,Ya,Aktif
1474,48,L,Belum Menikah,D3,UMKM,4447000,43,11326000,24,13,0,2,3,0.13,6450000,739000,0,Yogyakarta,100000,Biasa,Ya,889000,Tidak,Aktif
1475,34,L,Menikah,D3,Karyawan Swasta,8247000,57,41696000,24,12,2,0,0,0.294,11400000,2350000,1,Jakarta,100000,Biasa,Ya,3867000,Tidak,Aktif
1476,30,P,Belum Menikah,D3,Petani,6071000,64,45569000,60,13,0,1,1,0.191,9600000,1647000,0,Jakarta,100000,Biasa,Ya,3566000,Tidak,Aktif
1477,37,P,Belum Menikah,D3,PNS,7463000,102,27965000,24,12,1,3,3,0.224,15300000,615000,0,Bandung,100000,Biasa,Tidak,2824000,Ya,Pasif
1478,34,L,Belum Menikah,SMA,Karyawan Swasta,4831000,9,22892000,24,12,0,0,0,0.242,1350000,258000,0,Yogyakarta,75000,Calon,Ya,1360000,Ya,Aktif
1479,39,L,Menikah,SMA,UMKM,3614000,16,11532000,24,12,2,0,0,0.169,1600000,244000,0,Makassar,100000,Biasa,Ya,2504000,Tidak,Aktif
1480,35,L,Menikah,S1,PNS,6103000,40,43265000,60,14,0,1,1,0.171,6000000,322000,0,Semarang,100000,Biasa,Tidak,0,Ya,Pasif
1481,37,L,Menikah,S1,Guru,5660000,47,26987000,24,13,4,4,3,0.271,2350000,706000,1,Palembang,100000,Biasa,Ya,3368000,Ya,Aktif
1482,48,L,Menikah,D3,Wiraswasta,7123000,44,24476000,24,13,4,2,4,0.217,6600000,368000,1,Yogyakarta,100000,Biasa,Ya,3620000,Tidak,Aktif
1483,41,L,Menikah,S1,Guru,7344000,54,70319000,60,13,2,2,0,0.249,8100000,504000,0,Semarang,100000,Biasa,Tidak,7613000,Ya,Pasif
1484,45,L,Menikah,SMA,Wiraswasta,8897000,82,50569000,60,13,0,0,0,0.148,16400000,1644000,0,Jakarta,100000,Biasa,Ya,3972000,Tidak,Pasif
1485,42,P,Menikah,D3,Pedagang,7221000,15,34167000,24,12,3,0,0,0.272,2250000,513000,1,Bandung,100000,Biasa,Tidak,5208000,Tidak,Aktif
1486,46,P,Menikah,S2,PNS,7379000,47,22667000,24,12,2,3,2,0.182,7050000,895000,0,Makassar,100000,Biasa,Ya,1160000,Ya,Aktif
1487,33,L,Menikah,S1,Perawat,5061000,19,22607000,36,13,0,2,0,0.158,1900000,828000,0,Bandung,100000,Biasa,Ya,2702000,Tidak,Aktif
1488,42,P,Belum Menikah,S1,Karyawan Swasta,10202000,55,75302000,36,13,0,2,0,0.26,11000000,1937000,0,Yogyakarta,100000,Biasa,Ya,485000,Tidak,Aktif
1489,51,P,Menikah,S2,Guru,11486000,32,31899000,24,12,2,0,0,0.183,6400000,831000,0,Palembang,100000,Biasa,Ya,9581000,Ya,Aktif
1490,43,P,Belum Menikah,S1,PNS,5918000,38,28051000,36,13,0,0,0,0.173,7600000,784000,0,Bandung,100000,Biasa,Ya,12166000,Ya,Pasif
1491,30,P,Belum Menikah,SMA,Pedagang,5970000,57,36952000,24,12,0,1,0,0.309,11400000,1704000,0,Bandung,100000,Biasa,Ya,4405000,Tidak,Aktif
1492,38,P,Menikah,D3,UMKM,4537000,17,16596000,24,12,1,0,0,0.201,1700000,501000,0,Palembang,100000,Biasa,Ya,4369000,Tidak,Aktif
1493,42,L,Belum Menikah,S1,PNS,6088000,12,23800000,36,12,0,0,0,0.135,1800000,965000,0,Surabaya,100000,Biasa,Ya,2452000,Ya,Aktif
1494,42,L,Menikah,SMA,UMKM,4894000,23,13671000,12,11,4,0,0,0.352,1150000,282000,1,Surabaya,100000,Biasa,Ya,2285000,Tidak,Aktif
1495,31,P,Menikah,S1,PNS,9041000,52,36756000,24,12,1,3,1,0.207,10400000,1039000,0,Jakarta,100000,Biasa,Tidak,0,Ya,Pasif
1496,47,P,Belum Menikah,S1,PNS,9177000,12,58586000,36,12,0,0,0,0.224,1800000,763000,0,Bandung,100000,Biasa,Ya,4385000,Ya,Aktif
1497,42,P,Menikah,S1,UMKM,4725000,34,51975000,60,13,1,1,0,0.264,3400000,827000,0,Medan,100000,Biasa,Ya,6673000,Tidak,Aktif
1498,41,L,Belum Menikah,SMA,Buruh,2890000,16,7961000,24,13,0,0,0,0.154,800000,411000,0,Makassar,100000,Biasa,Tidak,993000,Ya,Aktif
1499,35,L,Belum Menikah,SMA,UMKM,4345000,70,37022000,48,13,0,0,0,0.266,3500000,476000,1,Medan,100000,Biasa,Tidak,1245000,Tidak,Pasif
1500,65,P,Menikah,SMA,Guru,3683000,169,10673000,24,11,3,2,0,0.183,16900000,527000,0,Yogyakarta,100000,Biasa,Tidak,6924000,Ya,Aktif
1501,51,P,Menikah,SMA,Wiraswasta,11023000,119,40123000,24,13,3,2,1,0.283,23800000,1534000,1,Medan,100000,Biasa,Tidak,8101000,Tidak,Pasif
1502,28,L,Belum Menikah,SMA,Karyawan Swasta,3202000,16,12131000,36,12,0,0,0,0.143,1600000,360000,0,Medan,100000,Biasa,Ya,3260000,Ya,Aktif
1503,47,P,Menikah,S2,Karyawan Swasta,8670000,83,27377000,36,13,1,2,2,0.126,12450000,7253000,0,Yogyakarta,100000,Biasa,Ya,5950000,Ya,Aktif
1504,25,P,Menikah,SMA,UMKM,3184000,18,4479000,12,10,1,1,0,0.142,1800000,213000,0,Jakarta,100000,Biasa,Tidak,928000,Tidak,Aktif
1505,33,L,Belum Menikah,S2,Wiraswasta,10929000,69,48202000,48,13,0,0,0,0.139,10350000,527000,0,Yogyakarta,100000,Biasa,Tidak,0,Tidak,Pasif
1506,28,P,Belum Menikah,S2,UMKM,6951000,33,30504000,36,13,2,1,0,0.178,6600000,694000,0,Makassar,100000,Biasa,Tidak,1453000,Tidak,Pasif
1507,37,P,Menikah,D3,Pedagang,4470000,41,44095000,48,13,3,2,1,0.387,4100000,688000,1,Medan,100000,Biasa,Tidak,1675000,Tidak,Aktif
1508,37,L,Menikah,SMA,Perawat,3453000,27,7443000,12,12,4,2,0,0.346,1350000,411000,1,Yogyakarta,100000,Biasa,Ya,2847000,Ya,Aktif
1509,51,L,Menikah,SMA,UMKM,3317000,25,6703000,12,11,1,1,0,0.196,1250000,228000,0,Palembang,100000,Biasa,Ya,1133000,Tidak,Pasif
1510,49,L,Menikah,SMA,Nelayan,4201000,36,21664000,36,13,1,1,0,0.2,5400000,217000,0,Bandung,100000,Biasa,Tidak,1041000,Tidak,Pasif
1511,53,L,Menikah,SMA,Guru,5602000,35,19568000,24,12,4,4,1,0.195,5250000,1270000,0,Palembang,100000,Biasa,Tidak,4106000,Ya,Aktif
1512,62,L,Menikah,S2,Petani,7359000,64,38527000,48,14,2,2,1,0.206,9600000,577000,0,Yogyakarta,100000,Biasa,Tidak,2377000,Tidak,Pasif
1513,32,L,Belum Menikah,S1,Petani,2746000,40,7210000,12,11,0,1,0,0.249,2000000,212000,0,Bandung,100000,Biasa,Ya,209000,Tidak,Pasif
1514,26,L,Belum Menikah,SMA,UMKM,2943000,11,21164000,48,13,0,0,0,0.214,550000,387000,1,Jakarta,25000,Calon,Tidak,3166000,Tidak,Aktif
1515,34,P,Menikah,D3,Pedagang,6709000,21,46905000,36,13,3,1,0,0.345,4200000,450000,1,Medan,100000,Biasa,Tidak,0,Tidak,Pasif
1516,64,P,Menikah,SMA,Wiraswasta,5964000,82,34746000,36,12,3,1,0,0.209,16400000,950000,0,Surabaya,100000,Biasa,Tidak,1003000,Tidak,Aktif
1517,37,P,Menikah,S2,Pedagang,9773000,48,78724000,36,13,1,0,0,0.288,7200000,1309000,0,Surabaya,100000,Biasa,Ya,15655000,Tidak,Aktif
1518,40,L,Menikah,SMA,Karyawan Swasta,4705000,23,18790000,36,12,3,0,0,0.217,2300000,581000,0,Medan,100000,Biasa,Ya,1725000,Ya,Aktif
1519,50,L,Menikah,SMA,Buruh,2526000,21,14713000,36,12,4,1,0,0.277,1050000,100000,1,Makassar,100000,Biasa,Tidak,340000,Ya,Pasif
1520,47,L,Menikah,SMA,UMKM,3132000,29,12414000,48,13,2,1,0,0.129,2900000,434000,0,Makassar,100000,Biasa,Ya,1307000,Tidak,Aktif
1521,37,P,Belum Menikah,D3,Wiraswasta,7483000,29,18846000,24,11,0,0,0,0.126,5800000,1068000,0,Makassar,100000,Biasa,Ya,1661000,Tidak,Aktif
1522,48,L,Menikah,D3,Petani,2915000,39,19707000,24,11,3,1,0,0.349,3900000,178000,1,Yogyakarta,100000,Biasa,Ya,499000,Tidak,Aktif
1523,42,L,Menikah,S1,PNS,9625000,34,50803000,24,12,2,0,0,0.356,6800000,2598000,0,Surabaya,100000,Biasa,Ya,3046000,Ya,Aktif
1524,65,L,Menikah,D3,Buruh,4965000,68,10983000,12,11,0,1,0,0.203,6800000,201000,0,Jakarta,100000,Biasa,Tidak,1256000,Tidak,Pasif
1525,34,P,Menikah,S1,Guru,7629000,153,25207000,24,11,4,2,0,0.237,22950000,255000,0,Medan,100000,Biasa,Tidak,4218000,Ya,Pasif
1526,41,L,Menikah,SMA,UMKM,5281000,28,33278000,36,13,2,0,0,0.333,2800000,684000,0,Medan,100000,Biasa,Ya,8503000,Tidak,Aktif
1527,34,P,Belum Menikah,S2,Guru,9329000,11,53730000,36,13,2,2,0,0.218,2200000,230000,0,Jakarta,25000,Calon,Tidak,0,Tidak,Pasif
1528,31,P,Belum Menikah,D3,Karyawan Swasta,6192000,59,27006000,24,12,0,0,0,0.228,11800000,1062000,0,Surabaya,100000,Biasa,Ya,3262000,Tidak,Aktif
1529,36,L,Belum Menikah,S1,Pedagang,11764000,41,65663000,24,12,1,1,0,0.293,6150000,1146000,1,Surabaya,100000,Biasa,Ya,6880000,Tidak,Aktif
1530,37,P,Menikah,SMA,Guru,2685000,58,7776000,24,12,0,2,2,0.159,2900000,554000,0,Bandung,100000,Biasa,Ya,393000,Ya,Aktif
1531,27,L,Menikah,SMA,Pedagang,3943000,14,25206000,36,14,0,0,0,0.235,2100000,335000,1,Palembang,100000,Biasa,Tidak,0,Tidak,Pasif
1532,41,P,Menikah,SMA,Karyawan Swasta,4051000,18,30712000,48,12,2,0,0,0.236,1800000,1929000,1,Yogyakarta,100000,Biasa,Ya,1064000,Ya,Aktif
1533,41,L,Menikah,SMA,Buruh,2692000,50,7007000,24,12,2,3,0,0.145,5000000,339000,1,Semarang,100000,Biasa,Ya,1313000,Tidak,Aktif
1534,38,P,Menikah,S1,PNS,6762000,29,29334000,36,13,0,0,0,0.163,4350000,939000,0,Medan,100000,Biasa,Tidak,6188000,Ya,Aktif
1535,35,L,Menikah,SMA,Nelayan,2814000,78,17499000,24,13,2,4,3,0.341,3900000,1013000,1,Makassar,100000,Biasa,Ya,3533000,Tidak,Aktif
1536,38,P,Belum Menikah,SMA,Karyawan Swasta,4552000,98,50072000,48,13,0,2,0,0.312,14700000,769000,0,Medan,100000,Biasa,Ya,1142000,Ya,Aktif
1537,41,L,Menikah,SMA,PNS,6691000,33,16500000,24,11,1,0,0,0.183,3300000,599000,0,Surabaya,100000,Biasa,Tidak,626000,Ya,Pasif
1538,35,P,Menikah,SMA,Nelayan,2799000,71,13708000,24,12,1,1,0,0.242,7100000,493000,0,Bandung,100000,Biasa,Ya,1983000,Tidak,Aktif
1539,31,P,Belum Menikah,D3,Guru,5992000,12,31623000,36,11,1,1,0,0.227,1200000,1037000,0,Bandung,100000,Biasa,Tidak,2602000,Ya,Aktif
1540,33,P,Menikah,S1,PNS,6516000,39,54884000,60,14,1,0,0,0.219,5850000,180000,1,Medan,100000,Biasa,Ya,6104000,Tidak,Aktif
1541,28,L,Belum Menikah,D3,Pedagang,6254000,30,38792000,48,13,0,1,0,0.198,4500000,278000,0,Jakarta,100000,Biasa,Tidak,2239000,Tidak,Pasif
1542,43,L,Menikah,D3,UMKM,5604000,6,14388000,36,12,0,1,0,0.119,300000,254000,0,Makassar,100000,Calon,Tidak,470000,Tidak,Pasif
1543,33,L,Belum Menikah,D3,Petani,3306000,36,8749000,24,12,0,3,0,0.137,1800000,230000,0,Palembang,100000,Biasa,Tidak,1027000,Tidak,Pasif
1544,33,P,Menikah,D3,Karyawan Swasta,4782000,54,43743000,48,12,0,1,0,0.257,5400000,423000,0,Medan,100000,Biasa,Tidak,966000,Ya,Pasif
1545,45,L,Belum Menikah,S1,Wiraswasta,11950000,26,29509000,12,11,0,2,2,0.228,5200000,1370000,0,Makassar,100000,Biasa,Tidak,3638000,Tidak,Pasif
1546,39,L,Menikah,D3,Pedagang,8486000,80,72855000,60,13,0,0,0,0.208,16000000,3396000,0,Bandung,100000,Biasa,Ya,4119000,Tidak,Aktif
1547,42,L,Belum Menikah,SMA,Karyawan Swasta,4957000,25,26277000,36,13,1,1,0,0.2,2500000,220000,1,Semarang,100000,Biasa,Ya,1132000,Ya,Aktif
1548,23,L,Belum Menikah,SMA,Buruh,20897000,21,62801000,24,11,0,0,0,0.185,3150000,1206000,0,Makassar,100000,Biasa,Ya,16784000,Tidak,Aktif
1549,42,L,Menikah,SMA,Pedagang,3837000,51,5244000,12,10,2,0,0,0.165,5100000,391000,0,Palembang,100000,Biasa,Ya,2360000,Tidak,Aktif
1550,36,P,Menikah,SMA,Karyawan Swasta,5252000,27,11854000,12,11,2,1,0,0.224,2700000,214000,1,Semarang,100000,Biasa,Tidak,0,Ya,Pasif
1551,23,P,Belum Menikah,SMA,UMKM,2827000,20,11676000,48,13,0,1,2,0.129,1000000,297000,0,Jakarta,100000,Biasa,Ya,1384000,Tidak,Aktif
1552,28,P,Belum Menikah,SMA,UMKM,2555000,18,14710000,36,13,0,2,1,0.207,900000,100000,0,Palembang,100000,Biasa,Ya,598000,Tidak,Pasif
1553,34,L,Belum Menikah,SMA,Buruh,2885000,18,8528000,24,12,0,0,0,0.155,900000,202000,1,Semarang,100000,Biasa,Tidak,424000,Tidak,Pasif
1554,28,P,Belum Menikah,S1,Karyawan Swasta,5058000,7,9293000,12,11,0,1,0,0.19,700000,218000,1,Bandung,75000,Calon,Tidak,426000,Ya,Pasif
1555,27,P,Menikah,SMA,Nelayan,2623000,28,14287000,36,12,1,0,0,0.237,1400000,193000,1,Yogyakarta,100000,Biasa,Ya,915000,Tidak,Aktif
1556,30,L,Menikah,SMA,Pedagang,3871000,24,17804000,24,12,2,1,0,0.262,2400000,429000,1,Medan,100000,Biasa,Ya,4913000,Tidak,Aktif
1557,24,P,Belum Menikah,SMA,Wiraswasta,6465000,41,10863000,12,10,2,1,1,0.22,8200000,162000,1,Yogyakarta,100000,Biasa,Tidak,1330000,Tidak,Pasif
1558,28,P,Menikah,SMA,Pedagang,4693000,87,9371000,12,12,1,2,1,0.199,13050000,546000,1,Bandung,100000,Biasa,Ya,5940000,Tidak,Aktif
1559,24,L,Belum Menikah,D3,Buruh,2746000,14,15236000,24,12,1,0,0,0.29,700000,135000,1,Semarang,100000,Biasa,Tidak,484000,Tidak,Pasif
1560,32,L,Belum Menikah,S2,UMKM,8622000,79,20729000,12,11,2,1,0,0.27,15800000,1630000,0,Jakarta,100000,Biasa,Tidak,5412000,Tidak,Aktif
1561,51,L,Menikah,SMA,Buruh,2986000,51,18314000,24,13,2,4,1,0.307,2550000,368000,1,Surabaya,100000,Biasa,Tidak,484000,Tidak,Aktif
1562,23,P,Menikah,S1,UMKM,3051000,14,22259000,36,13,1,0,0,0.284,1400000,168000,1,Semarang,100000,Biasa,Tidak,367000,Tidak,Pasif
1563,45,L,Menikah,SMA,Buruh,2813000,37,12322000,36,13,1,1,0,0.17,1850000,114000,0,Jakarta,100000,Biasa,Tidak,560000,Tidak,Pasif
1564,29,L,Belum Menikah,S1,Guru,7586000,4,21142000,48,13,0,0,0,0.107,600000,336000,0,Surabaya,25000,Calon,Ya,5572000,Ya,Aktif
1565,38,L,Belum Menikah,S2,PNS,8822000,19,25806000,24,12,0,2,0,0.153,3800000,143000,0,Bandung,100000,Biasa,Tidak,1193000,Ya,Pasif
1566,35,L,Menikah,S1,Wiraswasta,12725000,66,48942000,24,11,1,1,0,0.2,13200000,4059000,0,Bandung,100000,Biasa,Ya,7307000,Tidak,Aktif
1567,26,L,Belum Menikah,D3,Karyawan Swasta,7335000,25,61125000,48,13,3,2,1,0.288,3750000,384000,1,Medan,100000,Biasa,Ya,1154000,Tidak,Aktif
1568,54,P,Menikah,S1,Karyawan Swasta,8597000,31,57673000,36,12,2,0,0,0.332,6200000,1770000,0,Makassar,100000,Biasa,Ya,700000,Ya,Aktif
1569,34,L,Belum Menikah,S1,Karyawan Swasta,6774000,91,15882000,24,12,0,6,1,0.13,18200000,846000,0,Palembang,100000,Biasa,Ya,3307000,Ya,Aktif
1570,39,L,Menikah,S1,Perawat,6241000,50,29153000,24,12,1,1,0,0.247,5000000,382000,0,Surabaya,100000,Biasa,Ya,3851000,Ya,Pasif
1571,47,L,Belum Menikah,SMA,Nelayan,2745000,54,30195000,48,13,1,1,0,0.318,2700000,263000,0,Yogyakarta,100000,Biasa,Ya,1302000,Tidak,Aktif
1572,27,P,Menikah,SMA,Pedagang,3888000,69,9563000,12,11,2,2,0,0.382,10350000,480000,1,Semarang,100000,Biasa,Ya,1430000,Tidak,Aktif
1573,37,L,Belum Menikah,SMA,Karyawan Swasta,3876000,24,16974000,24,12,0,0,0,0.227,1200000,429000,1,Semarang,100000,Biasa,Ya,1288000,Ya,Aktif
1574,46,L,Menikah,S1,Wiraswasta,13198000,15,22637000,12,12,2,0,0,0.195,3000000,678000,0,Surabaya,100000,Biasa,Ya,3117000,Tidak,Aktif
1575,41,L,Menikah,D3,PNS,7432000,58,49218000,60,14,3,0,0,0.23,8700000,2379000,1,Makassar,100000,Biasa,Ya,9027000,Ya,Aktif
1576,36,P,Menikah,D3,Perawat,4609000,17,23548000,36,13,1,1,1,0.219,1700000,109000,0,Yogyakarta,100000,Biasa,Ya,1010000,Ya,Pasif
1577,37,L,Belum Menikah,SMA,Buruh,2795000,23,3140000,12,11,0,1,0,0.109,1150000,227000,0,Semarang,100000,Biasa,Tidak,464000,Tidak,Aktif
1578,49,L,Menikah,SMA,Karyawan Swasta,5931000,12,44000000,60,14,3,2,1,0.338,1800000,100000,1,Surabaya,100000,Biasa,Tidak,1891000,Tidak,Pasif
1579,41,P,Menikah,S2,PNS,11169000,106,56988000,24,12,1,4,0,0.3,21200000,2361000,0,Yogyakarta,100000,Biasa,Ya,7081000,Ya,Aktif
1580,24,P,Belum Menikah,SMA,UMKM,2770000,45,12386000,48,14,0,2,1,0.155,2250000,266000,0,Makassar,100000,Biasa,Ya,1231000,Tidak,Aktif
1581,65,L,Menikah,SMA,Petani,3851000,67,11508000,36,12,3,1,0,0.191,6700000,1384000,1,Jakarta,100000,Biasa,Tidak,2827000,Tidak,Aktif
1582,65,L,Menikah,S1,Wiraswasta,11789000,35,78000000,24,11,4,1,0,0.402,7000000,2881000,1,Bandung,100000,Biasa,Tidak,1251000,Tidak,Pasif
1583,31,P,Menikah,SMA,UMKM,4204000,75,24132000,36,13,1,1,0,0.282,7500000,456000,0,Jakarta,100000,Biasa,Ya,2142000,Tidak,Aktif
1584,32,L,Belum Menikah,D3,UMKM,3018000,12,9397000,24,12,0,0,0,0.17,1200000,262000,0,Semarang,100000,Biasa,Ya,2662000,Tidak,Aktif
1585,38,P,Belum Menikah,D3,Karyawan Swasta,6063000,53,21378000,24,12,0,2,1,0.19,7950000,774000,0,Bandung,100000,Biasa,Ya,8770000,Tidak,Aktif
1586,45,L,Menikah,SMA,UMKM,4777000,57,6223000,12,12,2,2,3,0.281,2850000,791000,0,Jakarta,100000,Biasa,Tidak,2191000,Tidak,Aktif
1587,24,L,Belum Menikah,S1,PNS,10059000,27,51290000,60,13,0,2,2,0.13,5400000,394000,0,Surabaya,100000,Biasa,Ya,922000,Ya,Pasif
1588,50,P,Menikah,D3,Petani,5254000,65,10016000,12,11,3,0,0,0.233,6500000,485000,0,Bandung,100000,Biasa,Ya,4873000,Ya,Aktif
1589,44,P,Menikah,D3,UMKM,5387000,17,17427000,24,12,4,1,0,0.204,1700000,371000,1,Surabaya,100000,Biasa,Tidak,2419000,Tidak,Pasif
1590,31,P,Belum Menikah,SMA,Perawat,4404000,25,19426000,36,13,0,0,0,0.183,3750000,778000,0,Surabaya,100000,Biasa,Ya,2180000,Ya,Aktif
1591,37,P,Belum Menikah,S1,Karyawan Swasta,6976000,18,14800000,12,12,0,0,0,0.207,2700000,201000,0,Surabaya,100000,Biasa,Tidak,1805000,Ya,Pasif
1592,55,L,Menikah,S1,PNS,11758000,78,29876000,24,12,2,0,0,0.16,15600000,2417000,1,Jakarta,100000,Biasa,Ya,6075000,Ya,Aktif
1593,37,L,Belum Menikah,S2,PNS,9238000,15,53008000,24,11,1,1,0,0.334,3000000,288000,0,Jakarta,100000,Biasa,Ya,2899000,Tidak,Aktif
1594,50,P,Menikah,S1,Wiraswasta,9980000,36,38639000,24,12,1,1,0,0.205,7200000,861000,0,Surabaya,100000,Biasa,Tidak,1081000,Tidak,Pasif
1595,30,P,Belum Menikah,SMA,Nelayan,2663000,8,8478000,24,12,0,0,0,0.198,400000,336000,0,Bandung,50000,Calon,Ya,2734000,Ya,Aktif
1596,33,L,Belum Menikah,S2,Karyawan Swasta,8932000,72,35211000,36,12,0,2,0,0.156,14400000,7181000,0,Surabaya,100000,Biasa,Ya,20608000,Ya,Aktif
1597,33,L,Belum Menikah,SMA,Wiraswasta,5702000,20,10339000,12,12,0,0,0,0.165,2000000,624000,0,Palembang,100000,Biasa,Tidak,1067000,Tidak,Aktif
1598,47,P,Menikah,S1,UMKM,8661000,36,46451000,24,12,0,1,0,0.294,5400000,460000,0,Jakarta,100000,Biasa,Tidak,603000,Tidak,Pasif
1599,35,P,Belum Menikah,S1,Pedagang,6036000,17,29847000,60,13,1,1,0,0.127,2550000,347000,0,Yogyakarta,100000,Biasa,Ya,2502000,Tidak,Aktif
1600,32,P,Belum Menikah,S1,PNS,6378000,47,46409000,48,13,0,1,0,0.225,7050000,572000,0,Semarang,100000,Biasa,Tidak,2005000,Ya,Pasif
1601,49,P,Belum Menikah,SMA,Pedagang,6349000,60,16124000,12,12,0,0,0,0.247,9000000,1072000,0,Yogyakarta,100000,Biasa,Ya,3509000,Tidak,Aktif
1602,31,P,Belum Menikah,D3,Karyawan Swasta,7100000,91,26971000,24,12,0,2,0,0.212,13650000,2863000,0,Bandung,100000,Biasa,Ya,3005000,Ya,Aktif
1603,50,P,Menikah,SMA,PNS,4021000,29,7969000,24,13,1,2,3,0.134,1450000,358000,0,Yogyakarta,100000,Biasa,Ya,1999000,Ya,Aktif
1604,45,L,Menikah,S1,PNS,9956000,146,23181000,12,11,1,2,0,0.287,29200000,5572000,0,Palembang,100000,Biasa,Ya,7666000,Ya,Aktif
1605,40,P,Menikah,SMA,Karyawan Swasta,4363000,31,10911000,24,11,3,2,0,0.218,3100000,573000,0,Palembang,100000,Biasa,Tidak,758000,Tidak,Aktif
1606,38,P,Menikah,S1,Petani,5886000,36,26945000,36,14,2,0,0,0.203,5400000,496000,0,Bandung,100000,Biasa,Tidak,1917000,Tidak,Pasif
1607,48,L,Menikah,SMA,PNS,7105000,30,32974000,24,12,2,1,1,0.28,3000000,191000,0,Palembang,100000,Biasa,Tidak,2785000,Ya,Pasif
1608,34,L,Belum Menikah,SMA,Buruh,2585000,39,21220000,60,13,0,1,1,0.212,1950000,168000,1,Medan,100000,Biasa,Ya,928000,Tidak,Pasif
1609,30,L,Menikah,S1,Karyawan Swasta,8619000,42,29149000,12,11,2,0,0,0.358,6300000,890000,0,Bandung,100000,Biasa,Ya,12216000,Ya,Aktif
1610,35,L,Belum Menikah,SMA,Perawat,4542000,36,26755000,48,12,0,2,1,0.173,3600000,330000,0,Makassar,100000,Biasa,Ya,7507000,Ya,Aktif
1611,48,P,Menikah,S1,Wiraswasta,10895000,44,50469000,24,12,2,2,0,0.29,6600000,1937000,1,Yogyakarta,100000,Biasa,Ya,5990000,Tidak,Pasif
1612,36,L,Menikah,S1,PNS,6225000,21,26758000,36,12,1,0,0,0.308,3150000,173000,0,Surabaya,100000,Biasa,Ya,3919000,Ya,Aktif
1613,43,P,Menikah,S1,Guru,8658000,54,61302000,36,12,3,1,1,0.279,8100000,467000,0,Jakarta,100000,Biasa,Ya,6818000,Tidak,Aktif
1614,43,L,Belum Menikah,D3,UMKM,4882000,26,20966000,24,12,0,0,0,0.207,2600000,418000,0,Surabaya,100000,Biasa,Ya,2300000,Tidak,Aktif
1615,46,P,Menikah,SMA,Pedagang,4726000,38,16682000,24,12,3,1,0,0.227,5700000,838000,0,Palembang,100000,Biasa,Ya,3188000,Tidak,Aktif
1616,53,P,Menikah,SMA,Karyawan Swasta,5659000,32,13702000,24,12,4,3,2,0.153,3200000,769000,0,Makassar,100000,Biasa,Ya,6370000,Tidak,Aktif
1617,33,P,Belum Menikah,S1,Pedagang,9833000,64,44927000,60,13,1,1,0,0.135,12800000,860000,0,Bandung,100000,Biasa,Ya,2405000,Tidak,Aktif
1618,43,L,Menikah,S1,Karyawan Swasta,9521000,34,18727000,24,12,0,1,0,0.119,6800000,774000,0,Yogyakarta,100000,Biasa,Tidak,18031000,Ya,Aktif
1619,28,L,Belum Menikah,SMA,Pedagang,3037000,11,19250000,36,13,1,0,0,0.274,550000,250000,0,Medan,75000,Calon,Tidak,0,Tidak,Pasif
1620,46,L,Menikah,SMA,Pedagang,4816000,29,29391000,36,13,0,1,0,0.236,2900000,317000,0,Palembang,100000,Biasa,Tidak,1119000,Tidak,Pasif
1621,28,P,Menikah,S1,UMKM,4204000,18,9784000,12,11,1,1,0,0.251,1800000,186000,0,Makassar,100000,Biasa,Tidak,0,Tidak,Pasif
1622,40,P,Belum Menikah,S1,PNS,8740000,75,86266000,60,14,0,1,2,0.237,15000000,773000,0,Bandung,100000,Biasa,Ya,9031000,Ya,Aktif
1623,34,L,Cerai,D3,UMKM,3188000,15,20447000,24,12,0,0,0,0.306,1500000,223000,1,Jakarta,100000,Biasa,Tidak,1426000,Tidak,Aktif
1624,32,L,Belum Menikah,SMA,Wiraswasta,7426000,116,53406000,36,11,0,2,0,0.247,11600000,1137000,0,Semarang,100000,Biasa,Tidak,3652000,Tidak,Aktif
1625,37,L,Menikah,SMA,Buruh,2636000,107,20455000,36,13,3,1,0,0.282,5350000,482000,1,Bandung,100000,Biasa,Ya,4061000,Tidak,Aktif
1626,41,P,Belum Menikah,SMA,Nelayan,2680000,17,14209000,24,11,0,0,0,0.268,850000,100000,1,Yogyakarta,100000,Biasa,Tidak,1025000,Tidak,Pasif
1627,36,L,Menikah,S1,Wiraswasta,11308000,15,46338000,24,12,4,1,2,0.221,2250000,413000,1,Semarang,100000,Biasa,Tidak,0,Tidak,Pasif
1628,41,L,Belum Menikah,SMA,Pedagang,5874000,32,17068000,24,12,0,0,0,0.184,4800000,308000,1,Makassar,100000,Biasa,Tidak,913000,Tidak,Pasif
1629,36,P,Belum Menikah,SMA,Wiraswasta,4410000,23,42322000,36,12,0,0,0,0.366,2300000,366000,1,Palembang,100000,Biasa,Tidak,1177000,Tidak,Aktif
1630,35,L,Menikah,D3,Pedagang,5532000,19,40276000,48,14,1,2,4,0.222,2850000,1390000,1,Jakarta,100000,Biasa,Ya,2789000,Tidak,Aktif
1631,44,L,Menikah,D3,Karyawan Swasta,10081000,13,16925000,12,11,1,0,0,0.221,2600000,601000,0,Palembang,100000,Biasa,Ya,1936000,Ya,Pasif
1632,65,L,Menikah,S1,Wiraswasta,9920000,27,73202000,36,13,0,0,0,0.272,5400000,1051000,0,Surabaya,100000,Biasa,Ya,672000,Tidak,Aktif
1633,29,L,Belum Menikah,SMA,PNS,3775000,17,26960000,36,13,0,0,0,0.263,1700000,521000,1,Medan,100000,Biasa,Ya,2283000,Ya,Aktif
1634,29,L,Belum Menikah,S2,Pedagang,8855000,64,14399000,12,11,0,0,0,0.153,12800000,1320000,0,Bandung,100000,Biasa,Ya,11934000,Tidak,Aktif
1635,54,P,Menikah,S1,Wiraswasta,17495000,14,89650000,60,14,1,0,0,0.184,2800000,1175000,0,Bandung,100000,Biasa,Tidak,23549000,Ya,Aktif
1636,28,P,Menikah,S1,Karyawan Swasta,7439000,38,19573000,24,13,1,1,0,0.198,3800000,439000,0,Makassar,100000,Biasa,Ya,3998000,Ya,Aktif
1637,23,P,Belum Menikah,SMA,Petani,2776000,37,21494000,36,12,0,1,0,0.281,1850000,213000,1,Makassar,100000,Biasa,Ya,1138000,Tidak,Aktif
1638,37,L,Belum Menikah,D3,Petani,4116000,47,16752000,24,12,2,0,0,0.227,4700000,273000,1,Yogyakarta,100000,Biasa,Ya,4607000,Tidak,Aktif
1639,54,L,Menikah,SMA,Wiraswasta,7911000,11,29759000,36,13,2,0,0,0.182,1100000,198000,1,Medan,100000,Calon,Tidak,764000,Tidak,Pasif
1640,50,P,Menikah,SMA,Buruh,2920000,15,23320000,36,13,2,0,0,0.313,750000,210000,0,Medan,100000,Biasa,Ya,1954000,Tidak,Aktif
1641,38,P,Menikah,S1,Wiraswasta,8306000,57,34271000,24,12,4,2,2,0.24,8550000,447000,1,Palembang,100000,Biasa,Ya,514000,Tidak,Pasif
1642,60,P,Menikah,S2,Wiraswasta,19155000,83,61616000,24,11,0,2,0,0.178,16600000,13617000,0,Surabaya,100000,Biasa,Ya,35775000,Tidak,Aktif
1643,29,L,Belum Menikah,S1,UMKM,6169000,12,19016000,36,12,1,0,0,0.188,1800000,300000,1,Makassar,100000,Biasa,Ya,9100000,Tidak,Pasif
1644,56,P,Menikah,S1,UMKM,10157000,33,54318000,36,13,1,0,0,0.226,6600000,245000,1,Bandung,100000,Biasa,Tidak,12565000,Ya,Aktif
1645,29,L,Belum Menikah,S1,Karyawan Swasta,6378000,26,45737000,36,12,0,0,0,0.26,3900000,141000,0,Medan,100000,Biasa,Tidak,665000,Tidak,Pasif
1646,37,L,Menikah,SMA,Buruh,3279000,57,16891000,48,14,1,1,0,0.187,5700000,414000,1,Jakarta,100000,Biasa,Ya,4684000,Ya,Aktif
1647,38,P,Menikah,SMA,Nelayan,2582000,18,11954000,36,14,3,2,1,0.233,900000,253000,0,Makassar,100000,Biasa,Ya,856000,Tidak,Aktif
1648,41,P,Menikah,S1,PNS,8484000,43,37202000,24,12,2,1,0,0.29,6450000,2830000,0,Medan,100000,Biasa,Ya,14185000,Ya,Aktif
1649,40,P,Menikah,D3,Guru,5703000,35,26813000,24,13,1,0,0,0.252,5250000,296000,0,Palembang,100000,Biasa,Ya,1602000,Ya,Aktif
1650,32,P,Menikah,S1,UMKM,4498000,52,32229000,48,13,0,1,0,0.206,5200000,249000,0,Semarang,100000,Biasa,Tidak,938000,Ya,Pasif
1651,33,P,Menikah,SMA,Wiraswasta,6289000,47,20164000,12,12,1,3,3,0.354,7050000,521000,1,Surabaya,100000,Biasa,Tidak,333000,Tidak,Pasif
1652,38,P,Menikah,S1,Guru,6573000,49,51660000,48,14,3,1,1,0.38,7350000,1091000,0,Yogyakarta,100000,Biasa,Ya,4552000,Ya,Aktif
1653,26,P,Belum Menikah,SMA,Karyawan Swasta,5331000,34,48928000,48,13,0,0,0,0.271,1700000,424000,0,Jakarta,100000,Biasa,Ya,2830000,Tidak,Aktif
1654,34,P,Menikah,SMA,Karyawan Swasta,4086000,17,22952000,60,14,2,2,0,0.176,2550000,366000,0,Yogyakarta,100000,Biasa,Ya,1429000,Ya,Aktif
1655,34,P,Menikah,D3,Pedagang,6574000,5,20922000,36,12,0,0,0,0.145,750000,151000,0,Makassar,50000,Calon,Tidak,3300000,Tidak,Aktif
1656,26,P,Belum Menikah,SMA,Petani,2591000,40,17245000,36,12,0,1,0,0.237,2000000,422000,1,Palembang,100000,Biasa,Tidak,1201000,Tidak,Aktif
1657,33,L,Menikah,SMA,Karyawan Swasta,6308000,91,20483000,24,12,0,1,0,0.164,13650000,711000,0,Medan,100000,Biasa,Ya,5239000,Ya,Aktif
1658,37,L,Menikah,SMA,UMKM,3512000,59,14379000,36,12,1,0,0,0.178,2950000,561000,1,Yogyakarta,100000,Biasa,Ya,2489000,Tidak,Aktif
1659,35,P,Belum Menikah,S1,UMKM,7545000,42,15923000,12,11,0,2,0,0.205,6300000,1562000,0,Jakarta,100000,Biasa,Ya,4758000,Tidak,Aktif
1660,25,L,Belum Menikah,SMA,Pedagang,4314000,52,14410000,12,13,0,1,1,0.31,2600000,637000,0,Bandung,100000,Biasa,Ya,6184000,Tidak,Aktif
1661,45,P,Cerai,D3,Pedagang,11186000,48,33487000,24,13,0,1,1,0.157,9600000,1150000,0,Makassar,100000,Biasa,Ya,8232000,Tidak,Pasif
1662,34,P,Belum Menikah,S1,Guru,5211000,133,34184000,48,13,0,0,0,0.201,13300000,1344000,0,Medan,100000,Biasa,Ya,4516000,Ya,Aktif
1663,57,L,Menikah,SMA,Wiraswasta,5068000,28,22914000,36,12,2,0,0,0.178,2800000,581000,0,Yogyakarta,100000,Biasa,Ya,6270000,Tidak,Aktif
1664,39,L,Belum Menikah,S1,Wiraswasta,7775000,51,59756000,60,15,0,0,0,0.205,7650000,1447000,0,Semarang,100000,Biasa,Ya,5100000,Tidak,Aktif
1665,43,P,Cerai,S2,Pedagang,12377000,15,49596000,36,12,0,2,1,0.157,3000000,857000,0,Bandung,100000,Biasa,Ya,3280000,Tidak,Aktif
1666,54,P,Belum Menikah,S1,Wiraswasta,12472000,27,77387000,36,13,1,1,0,0.23,5400000,863000,0,Surabaya,100000,Biasa,Tidak,6752000,Tidak,Aktif
1667,65,L,Menikah,S1,PNS,5972000,97,21357000,36,13,0,2,0,0.165,9700000,2092000,0,Surabaya,100000,Biasa,Ya,3080000,Ya,Aktif
1668,32,L,Belum Menikah,SMA,Wiraswasta,6188000,40,42659000,48,13,2,1,0,0.247,4000000,660000,1,Semarang,100000,Biasa,Ya,578000,Tidak,Pasif
1669,33,L,Menikah,D3,Wiraswasta,5785000,131,9167000,12,11,1,4,1,0.172,13100000,1985000,0,Medan,100000,Biasa,Ya,7222000,Tidak,Aktif
1670,24,L,Belum Menikah,SMA,Karyawan Swasta,2828000,6,11374000,48,13,0,0,0,0.134,300000,167000,0,Medan,50000,Calon,Ya,1062000,Tidak,Aktif
1671,34,P,Menikah,S1,Wiraswasta,10464000,11,46847000,24,13,2,1,1,0.244,2200000,541000,1,Surabaya,100000,Calon,Ya,10508000,Tidak,Aktif
1672,65,L,Menikah,SMA,PNS,8542000,11,59114000,24,12,1,0,0,0.342,2200000,437000,0,Jakarta,50000,Calon,Ya,2455000,Ya,Pasif
1673,38,P,Menikah,S1,Nelayan,3088000,5,4141000,12,12,2,1,0,0.146,500000,156000,0,Medan,100000,Calon,Ya,652000,Tidak,Pasif
1674,33,L,Menikah,SMA,Nelayan,2663000,69,5795000,12,12,2,1,1,0.239,3450000,165000,1,Bandung,100000,Biasa,Ya,1720000,Tidak,Aktif
1675,41,P,Belum Menikah,SMA,Buruh,2607000,30,19689000,60,13,0,1,0,0.194,1500000,161000,1,Makassar,100000,Biasa,Ya,2367000,Tidak,Aktif
1676,54,P,Menikah,SMA,Petani,2843000,43,8208000,36,12,0,1,0,0.126,2150000,261000,0,Palembang,100000,Biasa,Ya,959000,Tidak,Aktif
1677,29,P,Menikah,S2,Nelayan,3182000,77,25612000,36,12,1,1,1,0.292,3850000,825000,1,Makassar,100000,Biasa,Tidak,2678000,Tidak,Aktif
1678,38,P,Belum Menikah,SMA,Pedagang,10140000,24,65548000,60,13,0,0,0,0.179,4800000,211000,0,Jakarta,100000,Biasa,Tidak,1149000,Tidak,Pasif
1679,29,P,Belum Menikah,S1,UMKM,4188000,16,18428000,36,14,0,0,0,0.179,800000,326000,1,Medan,100000,Biasa,Ya,4567000,Tidak,Aktif
1680,65,P,Menikah,SMA,Wiraswasta,9304000,90,25945000,36,12,1,1,0,0.119,18000000,1227000,0,Bandung,100000,Biasa,Ya,19185000,Tidak,Aktif
1681,34,P,Belum Menikah,SMA,Pedagang,4282000,25,17165000,24,12,0,0,0,0.207,2500000,183000,0,Palembang,100000,Biasa,Ya,2069000,Tidak,Aktif
1682,34,L,Menikah,SMA,PNS,5046000,34,10560000,12,11,2,0,0,0.26,3400000,747000,0,Bandung,100000,Biasa,Ya,1747000,Ya,Aktif
1683,37,L,Menikah,S2,Pedagang,7524000,39,28217000,24,11,4,0,0,0.33,5850000,1575000,0,Makassar,100000,Biasa,Ya,389000,Tidak,Aktif
1684,26,L,Belum Menikah,SMA,Karyawan Swasta,3816000,24,13328000,24,11,0,0,0,0.172,1200000,322000,0,Yogyakarta,100000,Biasa,Tidak,1331000,Ya,Pasif
1685,32,P,Belum Menikah,S2,PNS,8967000,36,72786000,48,12,0,1,1,0.29,7200000,923000,1,Bandung,100000,Biasa,Ya,1807000,Ya,Pasif
1686,29,L,Belum Menikah,SMA,Wiraswasta,4398000,20,10994000,12,12,1,2,1,0.284,2000000,731000,1,Bandung,100000,Biasa,Ya,3384000,Tidak,Aktif
1687,28,P,Belum Menikah,D3,Petani,2814000,43,10227000,36,13,0,2,2,0.179,2150000,373000,0,Semarang,100000,Biasa,Ya,2319000,Tidak,Aktif
1688,57,L,Menikah,D3,Nelayan,3424000,33,8758000,24,13,4,1,1,0.197,3300000,125000,1,Bandung,100000,Biasa,Tidak,0,Tidak,Pasif
1689,43,P,Menikah,S1,Guru,6179000,89,36136000,36,13,2,1,0,0.23,13350000,1520000,0,Bandung,100000,Biasa,Tidak,960000,Ya,Pasif
1690,34,L,Menikah,S2,PNS,7665000,103,14670000,12,11,2,0,0,0.198,20600000,2863000,0,Makassar,100000,Biasa,Ya,14982000,Ya,Aktif
1691,33,L,Menikah,D3,Karyawan Swasta,6676000,27,44432000,48,13,1,1,0,0.19,4050000,883000,0,Surabaya,100000,Biasa,Tidak,4171000,Ya,Aktif
1692,36,L,Menikah,SMA,Karyawan Swasta,4114000,15,13258000,12,11,2,0,0,0.314,1500000,174000,0,Yogyakarta,100000,Biasa,Ya,349000,Ya,Aktif
1693,65,L,Menikah,D3,Nelayan,3401000,15,18191000,36,11,2,1,0,0.227,750000,507000,0,Semarang,100000,Biasa,Ya,255000,Tidak,Aktif
1694,29,L,Menikah,SMA,Pedagang,5617000,12,30751000,48,13,0,1,0,0.176,1200000,371000,0,Medan,100000,Biasa,Tidak,780000,Tidak,Aktif
1695,29,P,Belum Menikah,D3,Petani,2622000,90,3217000,12,11,0,1,0,0.127,4500000,745000,0,Jakarta,100000,Biasa,Tidak,824000,Tidak,Aktif
1696,57,L,Menikah,S1,Guru,7837000,66,27022000,24,12,1,4,1,0.228,9900000,1733000,0,Medan,100000,Biasa,Ya,15589000,Ya,Aktif
1697,29,L,Belum Menikah,SMA,PNS,5198000,38,16907000,12,12,0,1,1,0.33,3800000,438000,1,Bandung,100000,Biasa,Ya,3920000,Tidak,Aktif
1698,35,L,Belum Menikah,SMA,Buruh,2768000,36,12814000,24,12,0,3,1,0.251,1800000,153000,0,Makassar,100000,Biasa,Tidak,2603000,Tidak,Pasif
1699,30,L,Belum Menikah,S1,PNS,5557000,45,25014000,36,13,0,0,0,0.176,6750000,656000,0,Palembang,100000,Biasa,Ya,12346000,Ya,Aktif
1700,65,P,Menikah,SMA,UMKM,3537000,68,31630000,36,13,1,2,0,0.33,3400000,381000,0,Palembang,100000,Biasa,Ya,3240000,Tidak,Aktif
1701,26,P,Belum Menikah,SMA,Karyawan Swasta,4487000,7,24200000,48,12,0,0,0,0.22,700000,325000,1,Palembang,75000,Calon,Tidak,0,Ya,Pasif
1702,34,P,Menikah,D3,Wiraswasta,9345000,75,46880000,36,11,1,1,0,0.191,15000000,1942000,0,Makassar,100000,Biasa,Ya,3790000,Tidak,Aktif
1703,57,L,Menikah,SMA,Buruh,2935000,12,11423000,24,12,2,1,1,0.276,600000,111000,1,Medan,100000,Biasa,Tidak,525000,Tidak,Pasif
1704,37,L,Belum Menikah,D3,UMKM,4470000,44,30616000,36,13,1,0,0,0.315,4400000,528000,1,Palembang,100000,Biasa,Ya,2344000,Tidak,Aktif
1705,38,L,Belum Menikah,D3,Petani,3804000,25,4601000,12,12,0,0,0,0.113,3750000,517000,0,Bandung,100000,Biasa,Ya,4230000,Tidak,Aktif
1706,43,P,Menikah,S1,Karyawan Swasta,7604000,30,22812000,24,11,1,0,0,0.158,6000000,131000,0,Semarang,100000,Biasa,Tidak,0,Ya,Pasif
1707,40,P,Menikah,S1,PNS,10488000,26,37038000,48,12,2,0,0,0.132,5200000,1306000,0,Yogyakarta,100000,Biasa,Ya,6206000,Ya,Aktif
1708,48,P,Menikah,S1,Karyawan Swasta,6685000,23,25337000,36,13,1,1,0,0.146,4600000,417000,0,Medan,100000,Biasa,Tidak,1284000,Ya,Pasif
1709,26,L,Belum Menikah,D3,Petani,2809000,21,8472000,24,12,1,1,1,0.185,1050000,100000,1,Palembang,100000,Biasa,Tidak,367000,Tidak,Pasif
1710,29,P,Belum Menikah,SMA,Karyawan Swasta,5158000,59,17768000,24,13,1,3,2,0.239,5900000,615000,0,Makassar,100000,Biasa,Tidak,1227000,Ya,Aktif
1711,40,P,Menikah,S1,Perawat,6790000,25,25992000,24,12,1,0,0,0.223,5000000,231000,0,Makassar,100000,Biasa,Ya,5118000,Tidak,Pasif
1712,43,P,Menikah,SMA,Karyawan Swasta,4591000,40,43252000,60,13,1,0,0,0.262,6000000,547000,0,Palembang,100000,Biasa,Ya,2991000,Ya,Aktif
1713,29,L,Belum Menikah,D3,Karyawan Swasta,7079000,17,21068000,12,11,0,1,1,0.295,3400000,456000,1,Jakarta,100000,Biasa,Ya,1969000,Ya,Pasif
1714,33,P,Belum Menikah,SMA,Petani,2523000,28,16707000,36,12,1,1,1,0.244,1400000,657000,1,Palembang,100000,Biasa,Tidak,395000,Tidak,Pasif
1715,24,L,Belum Menikah,S2,Guru,6652000,11,45619000,60,14,0,0,0,0.177,1650000,471000,0,Palembang,25000,Calon,Ya,2421000,Ya,Aktif
1716,29,P,Belum Menikah,D3,Wiraswasta,6974000,56,67045000,60,14,0,1,0,0.319,5600000,869000,0,Yogyakarta,100000,Biasa,Ya,3176000,Tidak,Aktif
1717,26,P,Belum Menikah,D3,UMKM,3511000,12,12198000,48,13,0,0,0,0.106,1200000,378000,0,Yogyakarta,100000,Biasa,Ya,2500000,Tidak,Aktif
1718,42,P,Menikah,S1,Karyawan Swasta,14979000,13,86086000,36,13,0,0,0,0.211,1950000,1863000,1,Makassar,100000,Biasa,Ya,6507000,Tidak,Aktif
1719,27,P,Belum Menikah,S1,Karyawan Swasta,5057000,11,18392000,12,11,0,0,0,0.344,1650000,398000,1,Semarang,50000,Calon,Ya,1593000,Ya,Aktif
1720,50,P,Menikah,S1,Guru,5206000,22,28034000,24,11,2,0,0,0.308,1100000,226000,0,Yogyakarta,100000,Biasa,Ya,1804000,Ya,Aktif
1721,45,L,Menikah,SMA,Karyawan Swasta,6802000,127,34103000,36,13,1,1,0,0.195,19050000,1769000,0,Jakarta,100000,Biasa,Ya,10235000,Tidak,Aktif
1722,41,P,Menikah,SMA,Pedagang,4874000,21,14235000,12,12,2,0,0,0.328,3150000,581000,1,Semarang,100000,Biasa,Ya,2612000,Tidak,Pasif
1723,45,L,Menikah,SMA,Karyawan Swasta,5578000,42,13162000,12,10,4,2,0,0.343,4200000,310000,0,Palembang,100000,Biasa,Tidak,1307000,Tidak,Pasif
1724,51,P,Menikah,D3,Wiraswasta,12132000,6,47410000,36,12,0,1,0,0.159,1200000,855000,0,Jakarta,100000,Calon,Ya,4644000,Tidak,Aktif
1725,42,P,Menikah,SMA,Nelayan,2805000,38,20054000,48,12,0,2,0,0.211,3800000,227000,0,Yogyakarta,100000,Biasa,Tidak,3942000,Tidak,Aktif
1726,36,P,Belum Menikah,SMA,PNS,4988000,85,34971000,36,13,0,0,0,0.246,8500000,1401000,0,Medan,100000,Biasa,Tidak,2048000,Ya,Aktif
1727,36,L,Menikah,SMA,Pedagang,5734000,88,49557000,48,14,2,1,0,0.271,13200000,885000,0,Makassar,100000,Biasa,Ya,3239000,Tidak,Aktif
1728,48,P,Menikah,SMA,Wiraswasta,7107000,51,26311000,36,13,3,2,0,0.15,7650000,662000,0,Surabaya,100000,Biasa,Ya,4551000,Tidak,Aktif
1729,32,P,Belum Menikah,S2,Guru,7461000,45,29546000,24,12,0,0,0,0.242,6750000,2673000,0,Semarang,100000,Biasa,Ya,3722000,Ya,Aktif
1730,34,P,Menikah,S1,Karyawan Swasta,8108000,150,31470000,36,12,2,2,1,0.174,22500000,1457000,0,Surabaya,100000,Biasa,Ya,6011000,Ya,Aktif
1731,44,L,Menikah,S1,Guru,6516000,92,25861000,24,12,2,0,0,0.212,13800000,1715000,0,Yogyakarta,100000,Biasa,Tidak,21720000,Ya,Aktif
1732,47,L,Menikah,SMA,Karyawan Swasta,6909000,53,26377000,24,12,3,1,0,0.221,7950000,784000,0,Jakarta,100000,Biasa,Tidak,2694000,Ya,Pasif
1733,40,P,Menikah,S2,Pedagang,14912000,32,150000000,60,13,1,0,0,0.268,6400000,1084000,0,Surabaya,100000,Biasa,Ya,5001000,Tidak,Aktif
1734,31,L,Belum Menikah,S1,Petani,3918000,24,17818000,36,13,0,1,0,0.187,3600000,275000,0,Makassar,100000,Biasa,Tidak,1365000,Tidak,Pasif
1735,45,L,Menikah,SMA,UMKM,3590000,34,18489000,48,14,1,1,0,0.191,1700000,392000,0,Medan,100000,Biasa,Ya,1578000,Ya,Aktif
1736,37,L,Menikah,S1,Karyawan Swasta,6624000,37,30942000,24,12,3,0,0,0.331,7400000,250000,1,Makassar,100000,Biasa,Ya,3522000,Ya,Aktif
1737,32,P,Menikah,D3,Petani,2864000,26,6870000,24,12,2,0,0,0.155,1300000,199000,0,Palembang,100000,Biasa,Tidak,293000,Tidak,Pasif
1738,31,P,Belum Menikah,SMA,UMKM,2664000,32,5502000,12,11,0,0,0,0.199,1600000,314000,0,Medan,100000,Biasa,Ya,2269000,Tidak,Aktif
1739,34,P,Menikah,S1,Guru,6605000,18,30139000,24,11,0,0,0,0.235,1800000,308000,0,Palembang,100000,Biasa,Ya,2240000,Ya,Pasif
1740,43,L,Menikah,S1,Wiraswasta,6862000,41,46909000,36,11,0,1,0,0.234,6150000,246000,0,Semarang,100000,Biasa,Ya,5724000,Tidak,Aktif
1741,30,L,Belum Menikah,D3,Wiraswasta,5463000,16,25315000,24,12,0,2,1,0.228,1600000,651000,1,Palembang,100000,Biasa,Ya,1840000,Tidak,Aktif
1742,48,L,Menikah,SMA,Pedagang,4232000,64,33122000,36,13,2,4,2,0.296,6400000,178000,1,Makassar,100000,Biasa,Ya,2816000,Tidak,Aktif
1743,44,P,Menikah,S2,Perawat,10611000,54,116721000,48,13,3,0,0,0.353,10800000,572000,0,Yogyakarta,100000,Biasa,Ya,14091000,Ya,Aktif
1744,40,L,Belum Menikah,D3,Karyawan Swasta,3469000,61,21354000,48,13,0,1,0,0.186,6100000,292000,0,Palembang,100000,Biasa,Ya,2170000,Ya,Aktif
1745,37,L,Menikah,SMA,Karyawan Swasta,3152000,81,3977000,12,11,3,1,1,0.211,4050000,770000,1,Palembang,100000,Biasa,Tidak,1147000,Ya,Pasif
1746,39,L,Menikah,SMA,Buruh,3100000,58,20263000,48,12,1,2,0,0.337,2900000,381000,1,Semarang,100000,Biasa,Ya,2111000,Tidak,Aktif
1747,39,P,Menikah,SMA,PNS,4722000,30,36955000,48,13,0,0,0,0.229,3000000,1026000,0,Semarang,100000,Biasa,Tidak,311000,Ya,Pasif
1748,30,L,Belum Menikah,SMA,Pedagang,4232000,41,28449000,48,13,0,0,0,0.19,4100000,231000,1,Surabaya,100000,Biasa,Tidak,897000,Tidak,Pasif
1749,40,L,Menikah,SMA,Pedagang,6161000,20,41616000,36,12,2,1,0,0.251,3000000,405000,1,Medan,100000,Biasa,Tidak,642000,Tidak,Pasif
1750,40,L,Menikah,SMA,Karyawan Swasta,5858000,28,8304000,12,11,1,2,1,0.169,4200000,252000,0,Yogyakarta,100000,Biasa,Tidak,1735000,Ya,Aktif
1751,31,L,Belum Menikah,SMA,Wiraswasta,7002000,82,30342000,36,12,0,0,0,0.187,12300000,1955000,0,Bandung,100000,Biasa,Ya,4664000,Tidak,Aktif
1752,40,L,Cerai,SMA,Nelayan,2582000,16,5631000,12,11,0,0,0,0.223,1600000,145000,1,Medan,100000,Biasa,Ya,473000,Tidak,Aktif
1753,26,L,Belum Menikah,S1,Karyawan Swasta,4751000,8,37708000,48,14,0,1,0,0.245,400000,1264000,0,Semarang,50000,Calon,Ya,7937000,Tidak,Aktif
1754,28,L,Belum Menikah,S1,Wiraswasta,7420000,28,43456000,48,13,2,1,1,0.314,4200000,396000,1,Palembang,100000,Biasa,Ya,6524000,Tidak,Aktif
1755,29,P,Belum Menikah,D3,Guru,5883000,40,57381000,60,12,0,2,0,0.235,6000000,652000,0,Yogyakarta,100000,Biasa,Tidak,6482000,Ya,Aktif
1756,44,P,Menikah,SMA,UMKM,6432000,23,35873000,36,12,0,0,0,0.214,3450000,536000,0,Jakarta,100000,Biasa,Ya,2449000,Tidak,Aktif
1757,30,P,Belum Menikah,SMA,PNS,4832000,41,10845000,12,11,1,0,0,0.235,4100000,116000,0,Makassar,100000,Biasa,Tidak,4261000,Ya,Pasif
1758,39,L,Menikah,S1,Guru,6748000,149,16865000,24,11,3,2,0,0.187,14900000,4327000,0,Bandung,100000,Biasa,Ya,6297000,Ya,Aktif
1759,35,P,Cerai,SMA,Karyawan Swasta,5335000,20,10660000,12,10,1,0,0,0.223,2000000,312000,1,Semarang,100000,Biasa,Ya,2296000,Ya,Aktif
1760,34,L,Cerai,S1,Wiraswasta,8214000,20,27765000,24,12,0,1,0,0.194,3000000,1010000,0,Palembang,100000,Biasa,Ya,958000,Tidak,Aktif
1761,42,P,Belum Menikah,D3,Pedagang,6141000,41,33095000,24,12,0,1,1,0.267,8200000,1385000,1,Bandung,100000,Biasa,Tidak,2617000,Tidak,Aktif
1762,48,L,Menikah,D3,PNS,7466000,35,40192000,60,13,2,3,0,0.202,5250000,245000,0,Yogyakarta,100000,Biasa,Ya,2518000,Ya,Pasif
1763,31,P,Menikah,SMA,Petani,3223000,3,8998000,36,14,1,0,0,0.161,150000,159000,1,Semarang,100000,Calon,Tidak,159000,Tidak,Pasif
1764,38,P,Belum Menikah,D3,UMKM,7898000,37,11560000,12,11,1,1,2,0.172,5550000,362000,0,Makassar,100000,Biasa,Ya,3279000,Tidak,Aktif
1765,43,L,Menikah,SMA,Karyawan Swasta,6820000,8,14409000,12,12,1,0,0,0.218,800000,341000,1,Jakarta,50000,Calon,Tidak,0,Ya,Pasif
1766,29,P,Menikah,S1,Wiraswasta,9277000,62,41795000,24,13,0,3,2,0.262,12400000,2314000,0,Makassar,100000,Biasa,Tidak,5933000,Tidak,Pasif
1767,32,P,Menikah,S2,Karyawan Swasta,7187000,51,17684000,24,12,2,1,0,0.171,5100000,897000,0,Surabaya,100000,Biasa,Ya,3443000,Ya,Aktif
1768,37,P,Menikah,SMA,Buruh,3558000,108,17483000,36,13,1,4,3,0.174,5400000,720000,0,Jakarta,100000,Biasa,Tidak,1253000,Tidak,Aktif
1769,62,L,Menikah,D3,Wiraswasta,10461000,61,76459000,60,13,3,1,0,0.297,12200000,969000,0,Palembang,100000,Biasa,Tidak,531000,Tidak,Pasif
1770,36,P,Belum Menikah,S1,PNS,5030000,47,8082000,12,11,1,2,1,0.204,7050000,635000,0,Semarang,100000,Biasa,Tidak,1355000,Ya,Pasif
1771,31,P,Belum Menikah,SMA,UMKM,2851000,13,4260000,12,11,0,0,0,0.14,650000,102000,0,Semarang,100000,Biasa,Ya,1841000,Ya,Aktif
1772,26,L,Belum Menikah,S1,Karyawan Swasta,8190000,34,12756000,12,11,0,1,0,0.159,3400000,334000,0,Jakarta,100000,Biasa,Tidak,4316000,Tidak,Pasif
1773,28,P,Belum Menikah,SMA,Karyawan Swasta,4294000,14,45131000,60,13,1,2,0,0.264,1400000,1327000,0,Palembang,100000,Biasa,Ya,5129000,Ya,Aktif
1774,30,L,Belum Menikah,S1,Buruh,2589000,126,18165000,48,15,0,2,3,0.211,6300000,388000,0,Palembang,100000,Biasa,Ya,1704000,Tidak,Aktif
1775,44,L,Menikah,SMA,PNS,5597000,98,23057000,36,12,2,2,2,0.193,9800000,776000,0,Makassar,100000,Biasa,Tidak,4206000,Ya,Aktif
1776,36,L,Menikah,D3,Wiraswasta,11306000,30,34806000,36,13,1,1,1,0.155,4500000,1181000,0,Yogyakarta,100000,Biasa,Ya,7910000,Tidak,Pasif
1777,29,P,Belum Menikah,SMA,Nelayan,2965000,53,26910000,48,13,0,1,0,0.26,2650000,472000,0,Makassar,100000,Biasa,Ya,1084000,Tidak,Aktif
1778,56,L,Menikah,SMA,Pedagang,6252000,12,51191000,48,13,2,3,1,0.295,1800000,475000,0,Semarang,100000,Biasa,Ya,2543000,Ya,Aktif
1779,32,L,Belum Menikah,SMA,Karyawan Swasta,4826000,49,17436000,36,12,0,0,0,0.131,4900000,357000,0,Palembang,100000,Biasa,Ya,2604000,Ya,Aktif
1780,41,L,Belum Menikah,S1,Pedagang,7468000,63,32816000,24,13,0,1,1,0.274,12600000,598000,0,Yogyakarta,100000,Biasa,Tidak,0,Tidak,Pasif
1781,31,P,Menikah,D3,Petani,2566000,12,19184000,48,13,1,0,0,0.213,600000,172000,0,Yogyakarta,100000,Biasa,Ya,0,Tidak,Pasif
1782,32,P,Belum Menikah,SMA,Karyawan Swasta,3895000,22,12000000,24,12,1,0,0,0.199,1100000,352000,0,Makassar,100000,Biasa,Tidak,429000,Tidak,Pasif
1783,34,L,Belum Menikah,SMA,Buruh,2899000,43,6963000,12,11,0,0,0,0.227,2150000,251000,0,Makassar,100000,Biasa,Ya,1815000,Ya,Aktif
1784,33,L,Menikah,D3,Petani,4029000,49,11476000,24,11,4,1,0,0.147,2450000,1937000,0,Yogyakarta,100000,Biasa,Ya,1427000,Tidak,Aktif
1785,34,P,Menikah,SMA,PNS,4018000,48,37538000,60,13,2,1,1,0.226,4800000,358000,0,Palembang,100000,Biasa,Tidak,2220000,Ya,Aktif
1786,41,L,Menikah,S1,Wiraswasta,9072000,110,14687000,12,13,4,3,1,0.213,22000000,1444000,0,Makassar,100000,Biasa,Tidak,9263000,Tidak,Aktif
1787,27,L,Belum Menikah,S1,Wiraswasta,7502000,34,26216000,36,13,0,3,0,0.128,5100000,1019000,0,Makassar,100000,Biasa,Tidak,3904000,Tidak,Aktif
1788,33,L,Menikah,SMA,Karyawan Swasta,3781000,29,24568000,36,13,0,2,1,0.229,2900000,258000,1,Semarang,100000,Biasa,Tidak,0,Ya,Pasif
1789,34,P,Belum Menikah,SMA,Buruh,2759000,70,17356000,48,13,1,0,0,0.214,7000000,1395000,0,Yogyakarta,100000,Biasa,Tidak,1164000,Tidak,Aktif
1790,31,P,Belum Menikah,SMA,UMKM,4182000,64,11855000,12,12,1,5,1,0.273,3200000,774000,0,Palembang,100000,Biasa,Tidak,7794000,Tidak,Aktif
1791,36,L,Belum Menikah,D3,Nelayan,3435000,70,7866000,12,12,0,1,0,0.249,7000000,514000,0,Medan,100000,Biasa,Ya,2828000,Tidak,Aktif
1792,45,L,Menikah,S1,Guru,6098000,93,21288000,48,13,1,0,0,0.123,13950000,1014000,0,Yogyakarta,100000,Biasa,Tidak,3813000,Ya,Pasif
1793,42,P,Menikah,SMA,Pedagang,7394000,90,26001000,24,12,1,1,1,0.177,9000000,438000,1,Medan,100000,Biasa,Tidak,2948000,Tidak,Pasif
1794,47,L,Menikah,D3,Wiraswasta,12187000,42,68787000,48,14,1,0,0,0.191,8400000,1309000,0,Medan,100000,Biasa,Tidak,0,Tidak,Pasif
1795,34,P,Cerai,SMA,UMKM,3051000,40,10917000,36,12,0,2,0,0.135,2000000,954000,0,Palembang,100000,Biasa,Tidak,552000,Tidak,Aktif
1796,26,P,Belum Menikah,SMA,Karyawan Swasta,4402000,40,11906000,12,12,0,1,0,0.274,4000000,496000,1,Palembang,100000,Biasa,Ya,4111000,Tidak,Aktif
1797,46,P,Menikah,D3,Nelayan,3436000,33,11598000,24,12,4,1,0,0.295,1650000,100000,0,Yogyakarta,100000,Biasa,Ya,1645000,Tidak,Aktif
1798,39,L,Belum Menikah,D3,Nelayan,2936000,48,19716000,48,14,1,3,0,0.287,2400000,183000,1,Semarang,100000,Biasa,Tidak,247000,Tidak,Pasif
1799,55,P,Menikah,D3,Guru,5332000,101,19507000,24,13,4,3,2,0.339,15150000,1437000,0,Medan,100000,Biasa,Ya,4259000,Ya,Aktif
1800,25,L,Menikah,S1,Karyawan Swasta,4683000,5,10624000,12,11,1,1,0,0.22,500000,433000,1,Bandung,100000,Calon,Ya,3774000,Ya,Aktif
1801,40,P,Belum Menikah,SMA,Karyawan Swasta,4526000,66,12735000,12,11,1,4,2,0.278,9900000,1104000,0,Semarang,100000,Biasa,Ya,1471000,Ya,Aktif
1802,41,L,Belum Menikah,S1,Karyawan Swasta,10778000,87,34443000,24,12,0,2,0,0.17,17400000,605000,0,Surabaya,100000,Biasa,Ya,6634000,Ya,Pasif
1803,39,P,Menikah,S1,UMKM,5685000,54,30146000,24,12,4,1,1,0.266,5400000,1041000,0,Jakarta,100000,Biasa,Tidak,1232000,Tidak,Pasif
1804,31,L,Belum Menikah,SMA,Perawat,3762000,57,16537000,36,11,0,0,0,0.156,5700000,103000,0,Palembang,100000,Biasa,Ya,1625000,Ya,Pasif
1805,31,L,Menikah,S1,PNS,7098000,57,45674000,36,13,1,3,0,0.227,8550000,922000,0,Makassar,100000,Biasa,Tidak,3242000,Ya,Pasif
1806,39,P,Menikah,S1,Pedagang,6151000,68,33063000,48,12,2,3,0,0.179,6800000,833000,0,Bandung,100000,Biasa,Tidak,5026000,Tidak,Aktif
1807,31,L,Menikah,SMA,Petani,2716000,81,18144000,48,13,2,0,0,0.24,8100000,929000,1,Yogyakarta,100000,Biasa,Ya,2653000,Tidak,Aktif
1808,28,P,Belum Menikah,SMA,Guru,2643000,6,8425000,24,12,1,0,0,0.168,300000,206000,0,Medan,100000,Calon,Ya,2142000,Tidak,Aktif
1809,41,L,Belum Menikah,S1,Petani,2674000,83,5400000,12,11,1,2,1,0.226,4150000,376000,0,Yogyakarta,100000,Biasa,Ya,1197000,Tidak,Aktif
1810,31,P,Belum Menikah,S1,Guru,7439000,42,30413000,24,11,0,1,0,0.219,6300000,743000,0,Yogyakarta,100000,Biasa,Tidak,0,Ya,Pasif
1811,34,P,Menikah,S1,PNS,7452000,28,21390000,24,11,2,0,0,0.164,4200000,533000,0,Makassar,100000,Biasa,Tidak,1175000,Ya,Aktif
1812,48,P,Menikah,SMA,Pedagang,7397000,49,47562000,60,14,1,1,2,0.161,7350000,537000,0,Semarang,100000,Biasa,Ya,8172000,Tidak,Aktif
1813,43,P,Menikah,D3,UMKM,4435000,73,19808000,36,13,0,1,1,0.156,3650000,465000,0,Bandung,100000,Biasa,Tidak,6186000,Ya,Aktif
1814,32,L,Belum Menikah,SMA,PNS,4197000,35,11515000,12,12,0,2,4,0.264,5250000,186000,1,Surabaya,100000,Biasa,Ya,645000,Ya,Pasif
1815,53,L,Menikah,SMA,Karyawan Swasta,4465000,43,27529000,36,12,4,0,0,0.334,4300000,564000,1,Yogyakarta,100000,Biasa,Ya,2359000,Ya,Aktif
1816,42,L,Menikah,S1,Guru,5255000,24,32537000,24,12,2,0,0,0.338,1200000,270000,1,Makassar,100000,Biasa,Ya,6846000,Ya,Aktif
1817,36,P,Belum Menikah,S1,Pedagang,7457000,39,28460000,36,13,0,0,0,0.168,7800000,1536000,0,Medan,100000,Biasa,Ya,12626000,Tidak,Aktif
1818,30,P,Belum Menikah,SMA,Petani,2678000,54,15875000,24,12,1,1,0,0.314,5400000,352000,1,Makassar,100000,Biasa,Tidak,2009000,Tidak,Aktif
1819,29,L,Belum Menikah,S2,Pedagang,9348000,35,26252000,24,12,0,0,0,0.198,7000000,548000,0,Medan,100000,Biasa,Ya,2697000,Tidak,Aktif
1820,45,L,Menikah,SMA,Karyawan Swasta,5815000,30,21576000,24,12,4,2,1,0.269,3000000,225000,1,Makassar,100000,Biasa,Ya,4586000,Ya,Aktif
1821,35,L,Menikah,S1,Karyawan Swasta,11451000,82,43237000,24,12,1,1,0,0.207,16400000,518000,0,Jakarta,100000,Biasa,Tidak,3210000,Ya,Pasif
1822,40,L,Menikah,SMA,UMKM,4821000,115,32315000,36,13,1,3,0,0.271,17250000,952000,1,Medan,100000,Biasa,Tidak,1530000,Tidak,Aktif
1823,37,P,Belum Menikah,S2,Petani,6482000,52,19042000,24,12,3,0,0,0.173,7800000,278000,0,Bandung,100000,Biasa,Ya,5513000,Tidak,Pasif
1824,36,L,Menikah,D3,Pedagang,9169000,28,26923000,12,11,1,1,1,0.277,5600000,836000,0,Jakarta,100000,Biasa,Ya,6595000,Tidak,Aktif
1825,26,P,Menikah,SMA,UMKM,2536000,33,23055000,60,14,1,1,1,0.231,1650000,395000,1,Medan,100000,Biasa,Ya,2658000,Tidak,Aktif
1826,30,P,Belum Menikah,SMA,Wiraswasta,5025000,51,17429000,24,12,0,1,0,0.178,2550000,973000,0,Makassar,100000,Biasa,Ya,2592000,Tidak,Aktif
1827,26,L,Menikah,SMA,Pedagang,3235000,77,20861000,48,13,1,1,1,0.195,3850000,638000,0,Yogyakarta,100000,Biasa,Tidak,738000,Tidak,Pasif
1828,65,L,Belum Menikah,SMA,Buruh,3759000,38,12320000,24,12,1,1,0,0.204,3800000,716000,0,Jakarta,100000,Biasa,Ya,2609000,Tidak,Aktif
1829,34,L,Belum Menikah,D3,Petani,4238000,28,19985000,48,13,0,0,0,0.143,2800000,507000,0,Surabaya,100000,Biasa,Ya,3815000,Tidak,Aktif
1830,40,P,Menikah,SMA,PNS,4489000,22,17863000,36,12,2,0,0,0.159,3300000,374000,0,Palembang,100000,Biasa,Tidak,381000,Ya,Aktif
1831,36,L,Menikah,S1,Pedagang,10034000,58,39747000,24,12,3,2,0,0.223,8700000,1100000,0,Palembang,100000,Biasa,Ya,4212000,Tidak,Aktif
1832,25,L,Belum Menikah,S1,Wiraswasta,8822000,27,30902000,24,12,0,0,0,0.18,5400000,269000,0,Bandung,100000,Biasa,Tidak,0,Tidak,Pasif
1833,37,L,Belum Menikah,S1,PNS,5851000,80,25055000,36,13,0,0,0,0.173,8000000,3644000,0,Yogyakarta,100000,Biasa,Tidak,1754000,Ya,Aktif
1834,28,L,Belum Menikah,SMA,Petani,2537000,24,14137000,36,13,0,1,0,0.2,1200000,210000,0,Palembang,100000,Biasa,Tidak,1200000,Tidak,Aktif
1835,33,P,Belum Menikah,SMA,Wiraswasta,5770000,24,19638000,24,12,0,0,0,0.175,2400000,310000,1,Surabaya,100000,Biasa,Tidak,2929000,Tidak,Pasif
1836,44,P,Menikah,SMA,UMKM,6188000,57,39529000,48,13,4,1,0,0.209,8550000,877000,1,Surabaya,100000,Biasa,Ya,2670000,Tidak,Aktif
1837,32,P,Menikah,S1,Karyawan Swasta,7362000,21,51319000,36,12,2,1,0,0.246,3150000,406000,1,Makassar,100000,Biasa,Ya,3285000,Ya,Aktif
1838,43,P,Belum Menikah,SMA,Buruh,2982000,34,28039000,36,11,1,0,0,0.338,1700000,100000,1,Medan,100000,Biasa,Tidak,0,Ya,Pasif
1839,36,L,Menikah,SMA,Karyawan Swasta,4516000,54,33079000,48,13,0,0,0,0.21,5400000,368000,0,Jakarta,100000,Biasa,Tidak,1587000,Ya,Pasif
1840,36,L,Menikah,D3,UMKM,7295000,112,48017000,24,14,3,0,0,0.391,16800000,2167000,1,Jakarta,100000,Biasa,Tidak,3120000,Tidak,Aktif
1841,44,P,Cerai,SMA,Karyawan Swasta,6692000,38,26954000,24,12,0,1,0,0.201,7600000,1141000,0,Semarang,100000,Biasa,Ya,3370000,Ya,Aktif
1842,37,P,Menikah,S2,Guru,9200000,25,58683000,36,13,1,1,0,0.27,5000000,1081000,0,Jakarta,100000,Biasa,Ya,7951000,Ya,Aktif
1843,38,P,Belum Menikah,SMA,PNS,5343000,59,55593000,60,13,0,0,0,0.245,5900000,530000,1,Medan,100000,Biasa,Ya,332000,Ya,Pasif
1844,53,P,Menikah,SMA,Nelayan,3339000,61,31321000,48,13,2,1,0,0.285,3050000,708000,1,Bandung,100000,Biasa,Tidak,2186000,Tidak,Aktif
1845,41,L,Menikah,SMA,Pedagang,4748000,53,28320000,36,13,4,0,0,0.366,7950000,607000,1,Palembang,100000,Biasa,Ya,5030000,Tidak,Aktif
1846,35,P,Belum Menikah,S1,Pedagang,6460000,44,32449000,60,13,0,0,0,0.145,6600000,817000,0,Medan,100000,Biasa,Ya,1920000,Tidak,Aktif
1847,25,P,Belum Menikah,S2,Guru,6875000,6,30800000,48,13,0,1,1,0.149,900000,475000,0,Jakarta,25000,Calon,Tidak,2798000,Ya,Aktif
1848,31,L,Belum Menikah,SMA,Karyawan Swasta,4345000,25,17102000,24,10,0,0,0,0.205,2500000,313000,0,Palembang,100000,Biasa,Tidak,1669000,Ya,Aktif
1849,43,P,Menikah,SMA,UMKM,4359000,56,14118000,24,13,4,1,1,0.185,5600000,1066000,1,Bandung,100000,Biasa,Ya,2652000,Tidak,Aktif
1850,29,P,Menikah,SMA,Karyawan Swasta,4721000,60,9617000,12,11,0,1,0,0.204,6000000,899000,0,Palembang,100000,Biasa,Ya,4027000,Tidak,Aktif
1851,25,L,Belum Menikah,SMA,Wiraswasta,7344000,37,32297000,60,15,0,2,5,0.149,5550000,1002000,1,Jakarta,100000,Biasa,Ya,6530000,Tidak,Aktif
1852,47,L,Menikah,SMA,Perawat,3024000,60,10627000,24,12,4,1,0,0.248,3000000,1347000,1,Yogyakarta,100000,Biasa,Ya,1467000,Tidak,Aktif
1853,35,P,Menikah,S1,PNS,7400000,54,11068000,12,11,2,0,0,0.203,8100000,1020000,0,Surabaya,100000,Biasa,Tidak,1587000,Ya,Pasif
1854,47,P,Menikah,D3,Wiraswasta,8133000,28,39032000,24,13,2,1,1,0.28,2800000,220000,1,Medan,100000,Biasa,Tidak,1814000,Tidak,Pasif
1855,35,L,Belum Menikah,SMA,Petani,2898000,26,9843000,24,13,0,3,1,0.178,1300000,289000,1,Palembang,100000,Biasa,Tidak,1302000,Tidak,Pasif
1856,30,L,Belum Menikah,S2,PNS,9003000,6,36850000,36,12,0,0,0,0.152,900000,750000,0,Bandung,25000,Calon,Ya,2793000,Ya,Aktif
1857,48,L,Menikah,S2,Guru,12810000,50,58681000,24,11,4,1,0,0.251,10000000,1359000,0,Bandung,100000,Biasa,Ya,5650000,Ya,Aktif
1858,39,P,Belum Menikah,SMA,Nelayan,2501000,38,8006000,24,11,0,2,0,0.184,1900000,212000,1,Bandung,100000,Biasa,Ya,2355000,Tidak,Aktif
1859,29,P,Belum Menikah,SMA,Petani,2944000,38,6602000,12,12,0,2,0,0.212,1900000,378000,0,Semarang,100000,Biasa,Ya,2385000,Tidak,Aktif
1860,34,P,Menikah,D3,Petani,3026000,80,22084000,36,12,0,2,0,0.27,4000000,256000,1,Semarang,100000,Biasa,Ya,3971000,Tidak,Aktif
1861,33,P,Menikah,SMA,Nelayan,2777000,32,23247000,36,13,0,0,0,0.295,1600000,135000,1,Jakarta,100000,Biasa,Ya,746000,Tidak,Aktif
1862,40,P,Menikah,SMA,Petani,2534000,84,9090000,24,12,2,3,0,0.213,4200000,372000,0,Semarang,100000,Biasa,Ya,2219000,Tidak,Aktif
1863,44,L,Menikah,S1,Karyawan Swasta,7989000,78,41922000,48,13,3,1,0,0.176,15600000,542000,0,Makassar,100000,Biasa,Ya,4572000,Ya,Pasif
1864,38,L,Menikah,D3,Pedagang,5058000,49,40135000,48,13,1,3,0,0.236,4900000,774000,0,Medan,100000,Biasa,Ya,1964000,Tidak,Aktif
1865,43,P,Menikah,SMA,Buruh,3572000,19,17619000,24,11,1,1,1,0.33,950000,173000,0,Makassar,100000,Biasa,Tidak,868000,Tidak,Aktif
1866,42,L,Menikah,S2,Karyawan Swasta,12780000,38,67842000,24,12,1,0,0,0.324,7600000,1279000,1,Makassar,100000,Biasa,Ya,15388000,Tidak,Aktif
1867,31,L,Belum Menikah,D3,Pedagang,3863000,62,17782000,24,12,0,5,2,0.248,6200000,477000,1,Semarang,100000,Biasa,Tidak,5881000,Tidak,Aktif
1868,55,P,Menikah,SMA,UMKM,8525000,69,25182000,24,12,2,1,0,0.159,13800000,453000,0,Bandung,100000,Biasa,Ya,2499000,Tidak,Pasif
1869,33,L,Menikah,SMA,Pedagang,4188000,87,22653000,48,13,1,1,0,0.184,8700000,1722000,0,Medan,100000,Biasa,Ya,4105000,Tidak,Aktif
1870,27,L,Belum Menikah,S1,Pedagang,5422000,41,34330000,24,11,0,0,0,0.333,6150000,891000,1,Semarang,100000,Biasa,Tidak,1888000,Tidak,Aktif
1871,38,L,Menikah,SMA,Karyawan Swasta,6083000,7,17748000,24,12,1,1,0,0.178,1050000,231000,0,Palembang,50000,Calon,Ya,763000,Ya,Aktif
1872,35,L,Menikah,S1,Pedagang,9053000,71,34782000,36,13,2,2,2,0.153,14200000,2918000,1,Palembang,100000,Biasa,Ya,12503000,Tidak,Aktif
1873,36,L,Menikah,S2,Perawat,7070000,20,13825000,12,11,3,0,0,0.192,2000000,540000,0,Surabaya,100000,Biasa,Ya,3352000,Ya,Aktif
1874,28,L,Belum Menikah,SMA,Karyawan Swasta,5087000,43,19623000,24,11,0,1,0,0.21,6450000,278000,0,Semarang,100000,Biasa,Ya,960000,Ya,Pasif
1875,31,P,Belum Menikah,S1,Guru,7502000,36,14195000,12,11,0,1,1,0.202,5400000,1286000,0,Bandung,100000,Biasa,Ya,1364000,Ya,Aktif
1876,48,P,Menikah,SMA,UMKM,5603000,70,15735000,24,13,1,2,0,0.165,7000000,2322000,0,Jakarta,100000,Biasa,Ya,4743000,Tidak,Aktif
1877,35,P,Belum Menikah,SMA,Karyawan Swasta,3919000,19,5181000,12,11,0,0,0,0.126,2850000,562000,0,Bandung,100000,Biasa,Tidak,2159000,Ya,Aktif
1878,40,L,Belum Menikah,SMA,Nelayan,2546000,73,5142000,12,12,0,6,4,0.208,3650000,464000,1,Medan,100000,Biasa,Ya,1171000,Tidak,Aktif
1879,36,P,Belum Menikah,S2,Guru,8160000,70,47496000,36,13,1,2,0,0.209,10500000,1254000,0,Makassar,100000,Biasa,Tidak,1520000,Ya,Pasif
1880,36,L,Menikah,S1,PNS,7206000,24,43983000,36,12,2,1,0,0.273,3600000,493000,0,Bandung,100000,Biasa,Ya,8099000,Ya,Aktif
1881,48,L,Menikah,D3,Karyawan Swasta,5862000,31,31242000,36,12,3,2,0,0.245,6200000,596000,0,Palembang,100000,Biasa,Ya,1708000,Tidak,Aktif
1882,49,P,Menikah,SMA,Karyawan Swasta,6888000,35,39618000,24,12,3,0,0,0.342,5250000,540000,1,Bandung,100000,Biasa,Tidak,925000,Ya,Pasif
1883,38,P,Belum Menikah,S1,UMKM,4020000,43,11536000,24,12,0,0,0,0.16,6450000,767000,0,Makassar,100000,Biasa,Ya,4293000,Tidak,Aktif
1884,64,P,Menikah,S1,Karyawan Swasta,9589000,30,85785000,48,13,4,2,1,0.405,6000000,754000,1,Bandung,100000,Biasa,Ya,2765000,Ya,Aktif
1885,39,L,Belum Menikah,D3,Nelayan,3277000,58,15185000,36,13,0,1,0,0.178,2900000,619000,0,Surabaya,100000,Biasa,Ya,1395000,Tidak,Aktif
1886,35,P,Menikah,SMA,UMKM,3520000,110,28876000,36,12,1,2,0,0.301,5500000,911000,0,Bandung,100000,Biasa,Ya,3264000,Tidak,Aktif
1887,47,L,Menikah,SMA,Buruh,2710000,42,15970000,48,13,2,2,1,0.175,2100000,188000,1,Yogyakarta,100000,Biasa,Ya,3639000,Tidak,Pasif
1888,36,L,Menikah,SMA,Buruh,3075000,79,22345000,36,12,2,2,2,0.252,3950000,875000,1,Bandung,100000,Biasa,Ya,1641000,Tidak,Aktif
1889,35,P,Menikah,SMA,Petani,2610000,63,19756000,48,14,3,2,0,0.304,3150000,550000,1,Semarang,100000,Biasa,Tidak,567000,Tidak,Pasif
1890,35,P,Belum Menikah,SMA,Nelayan,2504000,89,10031000,24,12,0,1,0,0.209,4450000,220000,0,Semarang,100000,Biasa,Ya,2235000,Tidak,Aktif
1891,29,P,Belum Menikah,SMA,Karyawan Swasta,3576000,127,29442000,48,13,0,2,0,0.237,6350000,1097000,1,Makassar,100000,Biasa,Ya,3403000,Tidak,Aktif
1892,48,P,Menikah,SMA,Karyawan Swasta,4725000,49,28402000,48,12,1,1,0,0.212,4900000,359000,0,Medan,100000,Biasa,Ya,0,Ya,Aktif
1893,30,L,Belum Menikah,D3,Petani,2669000,45,17571000,48,13,0,1,0,0.185,2250000,447000,0,Yogyakarta,100000,Biasa,Tidak,1410000,Tidak,Aktif
1894,59,L,Belum Menikah,S2,Wiraswasta,15041000,57,89696000,48,14,1,4,2,0.183,11400000,2845000,0,Medan,100000,Biasa,Tidak,8184000,Tidak,Aktif
1895,59,L,Menikah,S2,Karyawan Swasta,7687000,21,25915000,48,14,2,1,0,0.228,2100000,2287000,0,Semarang,100000,Biasa,Ya,2192000,Ya,Aktif
1896,41,L,Belum Menikah,SMA,PNS,5955000,98,42857000,48,13,0,2,0,0.203,9800000,1582000,0,Palembang,100000,Biasa,Ya,6193000,Ya,Aktif
1897,44,L,Menikah,SMA,Karyawan Swasta,5816000,94,23985000,24,12,3,2,1,0.292,9400000,4796000,0,Semarang,100000,Biasa,Ya,2227000,Ya,Aktif
1898,46,P,Menikah,SMA,Karyawan Swasta,6484000,36,29046000,48,13,2,4,1,0.159,7200000,893000,0,Bandung,100000,Biasa,Tidak,2299000,Ya,Pasif
1899,37,P,Belum Menikah,S1,Karyawan Swasta,8199000,43,30131000,36,14,1,0,0,0.171,6450000,1953000,0,Medan,100000,Biasa,Ya,3731000,Ya,Aktif
1900,38,L,Menikah,SMA,UMKM,3925000,17,6652000,12,11,1,0,0,0.218,1700000,176000,0,Surabaya,100000,Biasa,Tidak,279000,Tidak,Pasif
1901,45,P,Menikah,SMA,Petani,2888000,13,5802000,12,11,1,0,0,0.188,650000,100000,1,Palembang,100000,Biasa,Tidak,387000,Tidak,Pasif
1902,45,P,Menikah,S1,Wiraswasta,9494000,93,85874000,60,13,0,2,1,0.236,18600000,1941000,0,Surabaya,100000,Biasa,Ya,3750000,Tidak,Aktif
1903,46,L,Menikah,D3,Guru,4952000,35,11550000,12,10,3,2,1,0.259,3500000,607000,0,Bandung,100000,Biasa,Tidak,3794000,Ya,Aktif
1904,35,P,Belum Menikah,S2,Guru,8116000,44,28688000,12,10,0,2,1,0.323,6600000,1245000,0,Semarang,100000,Biasa,Ya,2289000,Ya,Aktif
1905,30,P,Belum Menikah,D3,Guru,6600000,20,16474000,24,11,0,0,0,0.134,3000000,217000,0,Jakarta,100000,Biasa,Tidak,2790000,Ya,Pasif
1906,35,P,Belum Menikah,SMA,Guru,3796000,21,10297000,24,11,1,0,0,0.192,2100000,647000,0,Medan,100000,Biasa,Ya,2245000,Ya,Aktif
1907,40,L,Menikah,SMA,Nelayan,2587000,41,7075000,24,13,0,0,0,0.141,2050000,153000,0,Jakarta,100000,Biasa,Tidak,0,Tidak,Pasif
1908,41,P,Menikah,SMA,Karyawan Swasta,4502000,32,21770000,24,11,0,1,1,0.247,3200000,522000,1,Semarang,100000,Biasa,Tidak,2327000,Ya,Pasif
1909,32,P,Menikah,SMA,Wiraswasta,5022000,21,14562000,24,12,1,1,0,0.161,2100000,1883000,0,Makassar,100000,Biasa,Ya,3123000,Tidak,Aktif
1910,43,P,Belum Menikah,SMA,Guru,3703000,52,13180000,12,11,0,1,0,0.321,2600000,651000,0,Yogyakarta,100000,Biasa,Ya,4972000,Ya,Aktif
1911,29,P,Belum Menikah,SMA,Nelayan,2901000,53,7246000,12,12,0,2,3,0.241,2650000,265000,1,Medan,100000,Biasa,Tidak,1036000,Ya,Pasif
1912,35,L,Menikah,S1,PNS,7590000,38,74377000,60,13,1,0,0,0.257,5700000,798000,1,Makassar,100000,Biasa,Ya,3827000,Ya,Pasif
1913,53,L,Menikah,SMA,Guru,5061000,47,23909000,36,11,2,1,0,0.189,4700000,610000,1,Jakarta,100000,Biasa,Tidak,4061000,Ya,Pasif
1914,52,P,Menikah,D3,Karyawan Swasta,8961000,16,28035000,24,12,1,0,0,0.212,2400000,491000,0,Yogyakarta,100000,Biasa,Tidak,0,Ya,Pasif
1915,29,L,Belum Menikah,SMA,Petani,2503000,11,9945000,24,12,0,1,0,0.22,1100000,193000,1,Semarang,100000,Calon,Tidak,808000,Tidak,Aktif
1916,31,L,Belum Menikah,S1,Karyawan Swasta,5303000,15,13427000,24,12,0,0,0,0.149,1500000,279000,0,Yogyakarta,100000,Biasa,Tidak,381000,Tidak,Pasif
1917,47,L,Menikah,SMA,Karyawan Swasta,5257000,45,23984000,24,12,1,1,0,0.298,2250000,741000,0,Jakarta,100000,Biasa,Tidak,3027000,Tidak,Pasif
1918,44,P,Cerai,S2,PNS,7134000,104,54874000,36,11,0,0,0,0.259,10400000,1067000,0,Yogyakarta,100000,Biasa,Ya,6460000,Ya,Aktif
1919,28,P,Belum Menikah,SMA,Karyawan Swasta,4842000,15,22179000,24,11,0,2,0,0.239,1500000,139000,1,Yogyakarta,100000,Biasa,Ya,2627000,Ya,Pasif
1920,28,L,Belum Menikah,D3,UMKM,3099000,27,8152000,12,11,0,0,0,0.247,1350000,809000,1,Medan,100000,Biasa,Tidak,1916000,Tidak,Aktif
1921,37,L,Menikah,SMA,Petani,2693000,51,16665000,36,12,0,0,0,0.218,2550000,368000,0,Yogyakarta,100000,Biasa,Ya,2533000,Tidak,Aktif
1922,55,P,Menikah,S2,Petani,5878000,34,15161000,24,14,4,0,0,0.253,5100000,533000,1,Semarang,100000,Biasa,Ya,1935000,Tidak,Aktif
1923,37,L,Belum Menikah,SMA,UMKM,3182000,51,17317000,36,12,0,2,0,0.197,2550000,270000,0,Bandung,100000,Biasa,Tidak,1998000,Tidak,Aktif
1924,34,L,Belum Menikah,D3,PNS,5952000,14,50106000,60,12,0,0,0,0.196,2100000,100000,0,Medan,100000,Biasa,Ya,1154000,Ya,Pasif
1925,31,P,Belum Menikah,SMA,UMKM,3221000,22,18805000,36,13,0,1,1,0.222,1100000,199000,1,Semarang,100000,Biasa,Tidak,0,Tidak,Pasif
1926,30,P,Menikah,S1,Wiraswasta,11053000,47,69418000,48,13,3,2,1,0.199,9400000,1862000,0,Bandung,100000,Biasa,Ya,5582000,Tidak,Aktif
1927,40,L,Menikah,S2,Karyawan Swasta,9914000,53,34796000,24,11,1,1,0,0.207,7950000,1174000,0,Medan,100000,Biasa,Tidak,3979000,Ya,Aktif
1928,46,P,Menikah,SMA,Nelayan,3163000,82,33534000,48,13,0,1,1,0.305,4100000,435000,0,Palembang,100000,Biasa,Tidak,2266000,Tidak,Aktif
1929,32,L,Belum Menikah,SMA,UMKM,3183000,27,11653000,24,12,0,1,0,0.218,1350000,100000,0,Semarang,100000,Biasa,Tidak,442000,Tidak,Pasif
1930,24,L,Belum Menikah,SMA,Petani,2769000,12,7212000,12,11,0,0,0,0.234,600000,185000,0,Surabaya,100000,Biasa,Tidak,0,Tidak,Pasif
1931,43,L,Cerai,SMA,PNS,6112000,85,20567000,12,10,0,0,0,0.317,12750000,715000,0,Bandung,100000,Biasa,Tidak,14846000,Ya,Aktif
1932,28,P,Menikah,S2,Guru,6394000,12,8865000,12,11,0,1,0,0.142,1200000,1317000,0,Medan,100000,Biasa,Ya,2827000,Ya,Aktif
1933,54,P,Menikah,SMA,Buruh,3275000,79,20341000,24,11,3,2,0,0.373,3950000,614000,1,Palembang,100000,Biasa,Ya,5063000,Tidak,Aktif
1934,36,P,Menikah,D3,Buruh,3513000,63,10587000,24,13,3,1,0,0.272,6300000,374000,1,Surabaya,100000,Biasa,Ya,3684000,Tidak,Aktif
1935,42,L,Belum Menikah,SMA,Karyawan Swasta,5205000,55,13667000,24,12,0,1,0,0.154,5500000,1264000,0,Medan,100000,Biasa,Tidak,4379000,Ya,Aktif
1936,44,L,Menikah,D3,Pedagang,6648000,31,37905000,48,14,1,0,0,0.243,6200000,426000,1,Jakarta,100000,Biasa,Tidak,3786000,Tidak,Pasif
1937,60,L,Menikah,D3,PNS,6908000,78,21117000,24,12,3,3,3,0.197,11700000,571000,0,Semarang,100000,Biasa,Ya,3539000,Ya,Aktif
1938,44,L,Menikah,SMA,Pedagang,4738000,13,23003000,36,12,1,1,0,0.177,1300000,249000,1,Yogyakarta,100000,Biasa,Tidak,2560000,Tidak,Aktif
1939,39,P,Menikah,SMA,Guru,3841000,60,22411000,36,13,1,1,0,0.223,6000000,321000,0,Palembang,100000,Biasa,Tidak,1129000,Tidak,Pasif
1940,41,L,Menikah,S1,Wiraswasta,7479000,63,22119000,24,12,1,1,0,0.168,12600000,877000,0,Semarang,100000,Biasa,Ya,4531000,Tidak,Aktif
1941,62,P,Menikah,S1,PNS,8415000,53,47253000,24,11,4,0,0,0.339,5300000,2859000,0,Semarang,100000,Biasa,Tidak,1947000,Ya,Aktif
1942,49,P,Menikah,D3,UMKM,4279000,32,13225000,12,10,2,0,0,0.303,1600000,181000,1,Medan,100000,Biasa,Tidak,806000,Tidak,Pasif
1943,42,P,Menikah,S2,Karyawan Swasta,9564000,27,59292000,48,13,0,2,0,0.176,5400000,681000,0,Medan,100000,Biasa,Ya,5443000,Tidak,Aktif
1944,46,L,Menikah,SMA,Buruh,3047000,28,4204000,12,11,0,1,1,0.137,1400000,147000,0,Medan,100000,Biasa,Ya,1076000,Tidak,Aktif
1945,31,L,Menikah,SMA,PNS,2884000,30,18197000,24,11,3,0,0,0.31,1500000,180000,0,Surabaya,100000,Biasa,Ya,4101000,Ya,Aktif
1946,38,P,Menikah,S2,Buruh,4598000,20,27514000,36,13,2,2,1,0.22,3000000,550000,1,Makassar,100000,Biasa,Tidak,0,Tidak,Pasif
1947,36,P,Menikah,D3,PNS,6131000,43,67441000,60,14,2,2,2,0.387,6450000,595000,1,Yogyakarta,100000,Biasa,Tidak,5753000,Ya,Aktif
1948,38,L,Menikah,SMA,Nelayan,2723000,44,9540000,24,12,2,2,1,0.218,4400000,793000,0,Semarang,100000,Biasa,Ya,2859000,Tidak,Aktif
1949,31,P,Belum Menikah,S1,UMKM,4254000,80,5442000,12,11,0,0,0,0.137,8000000,823000,0,Medan,100000,Biasa,Ya,4714000,Tidak,Aktif
1950,36,P,Menikah,SMA,Pedagang,6009000,74,42930000,60,13,2,0,0,0.2,14800000,567000,0,Jakarta,100000,Biasa,Ya,6044000,Tidak,Aktif
1951,45,P,Menikah,D3,Perawat,5756000,51,12115000,12,11,2,0,0,0.29,5100000,711000,1,Yogyakarta,100000,Biasa,Tidak,521000,Ya,Pasif
1952,45,P,Belum Menikah,SMA,Buruh,3363000,58,14061000,24,14,0,2,4,0.218,5800000,863000,1,Yogyakarta,100000,Biasa,Tidak,4449000,Tidak,Aktif
1953,35,P,Belum Menikah,S1,PNS,11218000,39,66169000,48,13,0,1,0,0.164,7800000,3190000,0,Jakarta,100000,Biasa,Ya,6478000,Ya,Aktif
1954,48,L,Menikah,SMA,Nelayan,2618000,6,8906000,24,12,2,0,0,0.224,600000,104000,1,Jakarta,100000,Calon,Ya,1381000,Tidak,Pasif
1955,41,L,Menikah,D3,Buruh,4027000,35,22783000,24,11,2,0,0,0.304,3500000,867000,0,Yogyakarta,100000,Biasa,Ya,2022000,Tidak,Aktif
1956,52,P,Menikah,SMA,Karyawan Swasta,4597000,61,22233000,24,12,0,0,0,0.237,9150000,951000,0,Surabaya,100000,Biasa,Ya,3515000,Tidak,Aktif
1957,45,L,Menikah,SMA,UMKM,3580000,26,11366000,12,11,3,0,0,0.352,1300000,333000,0,Palembang,100000,Biasa,Tidak,1121000,Tidak,Pasif
1958,34,L,Menikah,D3,Nelayan,2818000,42,6840000,24,12,2,1,0,0.16,2100000,230000,0,Medan,100000,Biasa,Ya,2062000,Tidak,Aktif
1959,29,P,Belum Menikah,SMA,Pedagang,3963000,20,11110000,24,12,0,2,1,0.142,1000000,136000,0,Palembang,100000,Biasa,Tidak,394000,Tidak,Pasif
1960,34,P,Menikah,S1,PNS,9991000,31,86900000,48,13,2,0,0,0.344,6200000,379000,0,Makassar,100000,Biasa,Tidak,1493000,Ya,Pasif
1961,42,L,Menikah,S2,Karyawan Swasta,16464000,44,98030000,36,13,3,0,0,0.323,8800000,3715000,0,Jakarta,100000,Biasa,Tidak,2321000,Ya,Pasif
1962,33,P,Belum Menikah,SMA,Pedagang,4832000,115,32617000,36,13,2,1,0,0.288,11500000,3142000,0,Semarang,100000,Biasa,Ya,4524000,Tidak,Aktif
1963,31,P,Belum Menikah,S1,Guru,7357000,48,40813000,48,13,0,1,0,0.169,7200000,550000,0,Bandung,100000,Biasa,Ya,1443000,Ya,Pasif
1964,41,L,Menikah,SMA,PNS,6659000,52,9482000,12,11,1,2,0,0.173,7800000,904000,0,Yogyakarta,100000,Biasa,Ya,5631000,Ya,Aktif
1965,27,L,Menikah,SMA,Buruh,10869000,58,40450000,24,13,0,0,0,0.188,8700000,1802000,0,Medan,100000,Biasa,Ya,6314000,Ya,Aktif
1966,31,P,Belum Menikah,SMA,PNS,5082000,40,13681000,24,11,0,2,0,0.143,4000000,874000,0,Makassar,100000,Biasa,Ya,5069000,Ya,Aktif
1967,28,P,Belum Menikah,D3,PNS,4628000,40,16375000,24,11,0,0,0,0.185,4000000,1159000,0,Yogyakarta,100000,Biasa,Ya,5413000,Ya,Aktif
1968,33,L,Menikah,S1,PNS,6025000,54,59178000,36,14,1,2,2,0.367,8100000,497000,1,Jakarta,100000,Biasa,Ya,5400000,Ya,Aktif
1969,28,P,Menikah,SMA,UMKM,3293000,56,10748000,36,12,2,0,0,0.247,2800000,134000,1,Bandung,100000,Biasa,Tidak,951000,Tidak,Pasif
1970,32,L,Belum Menikah,SMA,PNS,4635000,50,32361000,36,13,0,2,3,0.279,5000000,485000,0,Makassar,100000,Biasa,Ya,4928000,Ya,Aktif
1971,50,P,Menikah,SMA,UMKM,3645000,37,34924000,48,13,3,2,0,0.286,1850000,562000,1,Palembang,100000,Biasa,Tidak,548000,Tidak,Aktif
1972,63,P,Menikah,SMA,Nelayan,3264000,53,32022000,48,14,2,3,0,0.286,2650000,298000,0,Surabaya,100000,Biasa,Tidak,1561000,Tidak,Aktif
1973,40,P,Belum Menikah,SMA,Nelayan,2668000,90,12721000,48,13,1,5,0,0.199,4500000,388000,0,Semarang,100000,Biasa,Ya,1423000,Tidak,Aktif
1974,49,P,Menikah,S1,Guru,7602000,76,19665000,12,11,1,3,2,0.257,15200000,753000,0,Medan,100000,Biasa,Tidak,3541000,Ya,Pasif
1975,30,P,Belum Menikah,SMA,Karyawan Swasta,3402000,19,16716000,36,12,2,0,0,0.28,950000,100000,1,Makassar,100000,Biasa,Ya,728000,Tidak,Pasif
1976,39,L,Belum Menikah,S1,Guru,9532000,15,77328000,36,12,0,1,0,0.285,3000000,615000,0,Surabaya,100000,Biasa,Ya,7567000,Ya,Aktif
1977,26,P,Menikah,SMA,Pedagang,4885000,7,26379000,36,14,1,0,0,0.259,1050000,605000,1,Jakarta,75000,Calon,Ya,6880000,Tidak,Aktif
1978,41,P,Menikah,SMA,Nelayan,3010000,37,17416000,24,12,3,0,0,0.34,1850000,511000,1,Palembang,100000,Biasa,Ya,1561000,Tidak,Aktif
1979,28,L,Menikah,S1,Guru,4321000,46,8573000,12,11,0,0,0,0.205,4600000,524000,0,Bandung,100000,Biasa,Ya,4059000,Ya,Aktif
1980,33,P,Menikah,S1,Wiraswasta,8624000,80,60311000,48,13,2,2,1,0.241,16000000,1595000,1,Semarang,100000,Biasa,Ya,3539000,Tidak,Aktif
1981,47,L,Menikah,S1,Karyawan Swasta,9962000,90,20992000,24,12,4,1,1,0.167,13500000,4084000,0,Makassar,100000,Biasa,Ya,8210000,Ya,Aktif
1982,27,L,Belum Menikah,S1,Pedagang,6821000,16,70422000,60,13,0,0,0,0.261,2400000,701000,1,Surabaya,100000,Biasa,Ya,3353000,Tidak,Aktif
1983,25,P,Belum Menikah,SMA,Pedagang,4059000,26,11950000,24,12,0,0,0,0.16,2600000,370000,0,Bandung,100000,Biasa,Ya,2199000,Tidak,Aktif
1984,30,L,Belum Menikah,SMA,Pedagang,4943000,34,8844000,12,11,1,2,0,0.19,3400000,367000,1,Semarang,100000,Biasa,Tidak,2394000,Tidak,Aktif
1985,43,L,Menikah,SMA,Wiraswasta,7406000,141,30024000,24,11,3,1,0,0.223,21150000,1158000,0,Makassar,100000,Biasa,Ya,8946000,Tidak,Aktif
1986,28,L,Belum Menikah,S1,Pedagang,5344000,75,27203000,36,12,0,2,1,0.19,7500000,534000,0,Palembang,100000,Biasa,Tidak,1669000,Tidak,Pasif
1987,30,P,Belum Menikah,SMA,Guru,5251000,37,16503000,24,11,2,0,0,0.255,5550000,218000,0,Makassar,100000,Biasa,Ya,2022000,Ya,Pasif
1988,31,L,Belum Menikah,SMA,Guru,4919000,31,9721000,12,11,0,1,0,0.214,3100000,1271000,0,Makassar,100000,Biasa,Ya,2411000,Ya,Aktif
1989,44,L,Menikah,D3,Pedagang,9861000,29,42805000,48,14,1,2,1,0.148,4350000,2721000,0,Jakarta,100000,Biasa,Ya,4434000,Tidak,Aktif
1990,41,P,Menikah,S1,Perawat,6221000,55,24541000,48,12,0,1,1,0.115,8250000,1026000,0,Semarang,100000,Biasa,Tidak,3393000,Ya,Aktif
1991,30,P,Menikah,SMA,Pedagang,4892000,36,38577000,36,12,2,1,0,0.395,3600000,420000,1,Bandung,100000,Biasa,Ya,1039000,Tidak,Pasif
1992,59,P,Menikah,SMA,UMKM,4102000,50,6089000,12,11,3,1,1,0.266,5000000,1379000,1,Semarang,100000,Biasa,Ya,1861000,Tidak,Aktif
1993,34,L,Belum Menikah,SMA,Petani,2573000,118,16526000,48,13,0,3,0,0.189,5900000,557000,0,Palembang,100000,Biasa,Ya,677000,Tidak,Aktif
1994,31,P,Belum Menikah,S1,Guru,3133000,14,21428000,48,14,1,1,0,0.195,700000,174000,0,Medan,100000,Biasa,Tidak,1406000,Ya,Pasif
1995,47,P,Menikah,S1,PNS,8933000,25,74953000,48,13,2,0,0,0.39,5000000,1080000,1,Palembang,100000,Biasa,Ya,4495000,Ya,Aktif
1996,30,L,Belum Menikah,S2,PNS,8050000,12,50182000,24,12,0,1,0,0.314,1800000,381000,0,Yogyakarta,100000,Biasa,Ya,10489000,Ya,Aktif
1997,55,P,Menikah,S1,Wiraswasta,14728000,19,82779000,60,14,1,1,1,0.168,3800000,3347000,0,Jakarta,100000,Biasa,Tidak,4119000,Tidak,Aktif
1998,26,P,Menikah,SMA,Guru,3576000,41,37628000,60,14,0,1,0,0.255,2050000,453000,0,Yogyakarta,100000,Biasa,Ya,4902000,Ya,Aktif
1999,35,P,Menikah,S1,Petani,3583000,67,14745000,24,12,2,2,2,0.302,3350000,2181000,1,Makassar,100000,Biasa,Tidak,3344000,Tidak,Aktif
2000,56,L,Menikah,SMA,Karyawan Swasta,7341000,51,17223000,12,13,1,0,0,0.23,7650000,1769000,0,Jakarta,100000,Biasa,Ya,4499000,Ya,Aktif
